controller,case_id,disturbance,scale,noise_seed,validation_stage,equivalent_pose_rms,equivalent_pose_peak,recovery_time_s,translation_rms_x,translation_rms_y,translation_rms_z,translation_peak_x,translation_peak_y,translation_peak_z,rotation_rms_roll,rotation_rms_pitch,rotation_rms_yaw,rotation_peak_roll,rotation_peak_pitch,rotation_peak_yaw,min_leg_length_m,max_leg_length_m,max_leg_speed_mps,max_leg_acceleration_mps2,peak_force_n,peak_force_rate_nps,control_energy_n2s,controller_time_p95_s,qp_time_p95_s,dob_time_p95_s,infeasible_count,fallback_count,min_sigma,min_collision_margin_m,min_cbf_residual,length_violation_count,speed_violation_count,acceleration_violation_count,force_violation_count,force_rate_violation_count,collision_violation_count,singularity_violation_count,nonfinite_count,full_trajectory_completed,hard_constraints_passed,eligible,is_training,is_holdout
fixed_lqi,nominal,nominal,0,NaN,simscape_validation,0.00143529313681945,0.00293288497324076,0,0.000515681970221643,0.00077930711693524,0.000139332184667711,0.000797610647037261,0.00180451506775869,0.000281128674398556,0.000378962218423403,0.00203626734784924,0.000616136949944758,0.00067594476102803,0.00405100248421814,0.00156450947975639,1.07841594348455,1.9030569195718,0.27839610756345,0.168266438959064,1091.87494509686,511.622993491557,13218082.4479124,0,NaN,NaN,0,0,0.285324053071442,-0.00192628993233368,NaN,0,0,0,0,0,21,0,0,1,0,0,1,0
fixed_lqi,wrench_x0p5,wrench,0.5,NaN,simscape_validation,0.00389231406213561,0.0071856962959989,Inf,0.00241830564528057,0.00204345925897474,0.0004700622653147,0.00682945951395061,0.00361246151293815,0.0014030145213457,0.00126618545738857,0.00343366745829998,0.00249551424060667,0.00307078119668028,0.00636432171056395,0.00513734808215738,1.07841594348455,1.90042373008898,0.28361858035778,0.22085693058782,1081.7789395434,871.561805336473,13071147.1817045,0,NaN,NaN,0,0,0.286752759855414,-0.00283745549298342,NaN,0,0,0,0,0,25,0,0,1,0,0,0,1
fixed_lqi,smooth_target_x0p5,smooth_target,0.5,NaN,simscape_validation,0.00145090736882684,0.00295945885303485,Inf,0.000532364098854638,0.00078662156621142,0.000137880216670373,0.000859735691811608,0.00183318947333777,0.000279142221993378,0.000400280422164328,0.00205641361676469,0.000588798341345866,0.000744347294245842,0.00407756470002685,0.0015362140000198,1.07841594348455,1.90304776132646,0.27839610756345,0.363256528764249,1093.38439587252,2720.7303675557,13212003.7801924,0,NaN,NaN,0,0,0.28593116453035,-0.0019427653705849,NaN,0,0,0,0,0,21,0,0,1,0,0,0,1
fixed_lqi,wrench_smooth_target_x0p5,wrench_smooth_target,0.5,NaN,simscape_validation,0.00389119587836143,0.0071856962959989,Inf,0.00241037623710074,0.00205457614631233,0.00046895054020398,0.00682945951395061,0.00362155241859041,0.0014030145213457,0.00127206786903938,0.00344813079149356,0.00246036855334459,0.00307078119668028,0.00637057541775327,0.00507797156841072,1.07841594348455,1.90043416503756,0.28361858035778,0.36775580196992,1088.84025973227,2787.99728540169,13066055.4820943,0,NaN,NaN,0,0,0.287349661120441,-0.00284622948788315,NaN,0,0,0,0,0,26,0,0,1,0,0,0,1
fixed_lqi,target_noise_x0p5_s101,target_noise,0.5,101,simscape_validation,0.00151050865176628,0.00312105914934208,Inf,0.000524950084926352,0.000827247513663542,0.000145581652100069,0.000964463548144098,0.00192839453880983,0.000354133721907068,0.000450676570739595,0.00210834964673936,0.000744229609800661,0.00104683946161151,0.00424592152556624,0.00190419092391414,1.07841594348455,1.90283489510635,0.284597919128404,0.581118239312283,1102.8788368749,4111.89474961081,13214835.1160179,0,NaN,NaN,0,0,0.285458013596729,-0.00200461759233727,NaN,0,0,0,0,0,22,0,0,1,0,0,0,1
fixed_lqi,wrench_target_noise_x0p5_s101,wrench_target_noise,0.5,101,simscape_validation,0.00400136140393494,0.00718680316466317,Inf,0.00246118875435721,0.00213372852430379,0.000487840822886896,0.00681814040086348,0.00384687008286577,0.0013984507891445,0.00137594610799314,0.0035200485998349,0.00252322369765182,0.00322372768530645,0.00657953344043843,0.00546117987849049,1.07841594348455,1.90020760405864,0.284597919128404,0.572976075017827,1092.75515523324,3998.43707524989,13068741.4875037,0,NaN,NaN,0,0,0.286861828453733,-0.00291439843384366,NaN,0,0,0,0,0,26,0,0,1,0,0,0,1
fixed_lqi,target_noise_x0p5_s102,target_noise,0.5,102,simscape_validation,0.00142545138716763,0.00289097398962046,Inf,0.00053771197752347,0.000739796418451895,0.000149875256331646,0.000940606847825404,0.00174928901000782,0.000337850851955535,0.000365269030164566,0.00202620668995051,0.000673149016167451,0.000995210682734018,0.00400370089222885,0.00161683840808513,1.07841594348455,1.90307051896646,0.282918465668202,0.447891438838943,1106.92615650356,3145.51014071962,13216423.0199695,0,NaN,NaN,0,0,0.285158535337901,-0.00189870487200971,NaN,0,0,0,0,0,21,0,0,1,0,0,0,1
fixed_lqi,wrench_target_noise_x0p5_s102,wrench_target_noise,0.5,102,simscape_validation,0.00393834385647991,0.00717084922483492,Inf,0.00247494441322796,0.00204637591238791,0.000500228922216341,0.00684134499867806,0.00357947659984864,0.00142924764666613,0.00122088445465104,0.00343959571327032,0.00254320644328576,0.00295151422306261,0.00631123707905396,0.00519160370409599,1.07841594348455,1.90044258147305,0.283710063086162,0.447891438838943,1096.8006479901,3579.33675535652,13070241.8542945,0,NaN,NaN,0,0,0.286575769836112,-0.0028079055763449,NaN,0,0,0,0,0,26,0,0,1,0,0,0,1
fixed_lqi,target_noise_x0p5_s103,target_noise,0.5,103,simscape_validation,0.00135630775781522,0.00278072256306241,Inf,0.000529963570530933,0.0007119567099488,0.000119482701993666,0.000930700837088141,0.00174717747010117,0.000286443789692004,0.000435675988694233,0.00194770261479894,0.000408465979969935,0.000907187249050451,0.00388312964831822,0.00131783463432844,1.07841594348455,1.90334502711674,0.283597659248269,0.411944127043927,1107.2167908062,3580.09372351595,13232601.0164591,0,NaN,NaN,0,0,0.285286430808937,-0.00187975349422664,NaN,0,0,0,0,0,21,0,0,1,0,0,0,1
fixed_lqi,wrench_target_noise_x0p5_s103,wrench_target_noise,0.5,103,simscape_validation,0.00387615728200687,0.00725633501718207,Inf,0.00248646957209739,0.00202574837978554,0.000470333638588902,0.00686544717319366,0.00359813367914535,0.00139517163732431,0.00133075142656194,0.00336113481027029,0.00223621328953197,0.00316347566107261,0.00617519984196591,0.00471270133826074,1.07841594348455,1.90070771161404,0.288193102887879,0.411944127043927,1097.32074037443,3580.09372351595,13086065.3019428,0,NaN,NaN,0,0,0.286700424327598,-0.00279120280384648,NaN,0,0,0,0,0,25,0,0,1,0,0,0,1
fixed_lqi,target_noise_x0p5_s104,target_noise,0.5,104,simscape_validation,0.00141648567039184,0.00289276242352618,Inf,0.000553451505814008,0.000736300264162028,0.000141495803791403,0.00093682041713522,0.00178889374140834,0.000297428260652266,0.000407445008367328,0.00201260507860013,0.000579020843595008,0.000931454305520441,0.00401366799037456,0.00137551195661767,1.07841594348455,1.90313887039071,0.281948630779782,0.517130722180586,1117.71292707387,3195.11989485577,13222341.5068896,0,NaN,NaN,0,0,0.285111829063369,-0.00192272063257481,NaN,0,0,0,0,0,21,0,0,1,0,0,0,1
fixed_lqi,wrench_target_noise_x0p5_s104,wrench_target_noise,0.5,104,simscape_validation,0.00390732626540724,0.00724645422367445,Inf,0.00245038497524601,0.00204223949773517,0.000494751261478178,0.0069098293430068,0.003603921999216,0.00141151000475442,0.0012439504893775,0.00343491226780466,0.00245827766023421,0.00299022995787391,0.00632592167445001,0.00494689457850761,1.07841594348455,1.90050159031332,0.284962906863528,0.516859916460517,1107.50961556356,3093.73770660202,13075753.9411895,0,NaN,NaN,0,0,0.286518079731399,-0.00283475066991434,NaN,0,0,0,0,0,24,0,0,1,0,0,0,1
fixed_lqi,target_noise_x0p5_s105,target_noise,0.5,105,simscape_validation,0.00153809196377972,0.0030326174961079,Inf,0.000543561929699103,0.000783104546232147,0.000185728433813793,0.00097207319226271,0.00178032940660311,0.000387570480086863,0.000256284907163249,0.00214401340313893,0.00101370741251978,0.000699567522578229,0.00413918932006579,0.00232065726686226,1.07841594348455,1.9028387867194,0.284951336034378,0.42998854888806,1108.58378974103,3063.05753897973,13199410.5684498,0,NaN,NaN,0,0,0.28586217838768,-0.00193684471825916,NaN,0,0,0,0,0,21,0,0,1,0,0,0,1
fixed_lqi,wrench_target_noise_x0p5_s105,wrench_target_noise,0.5,105,simscape_validation,0.00403770740414777,0.00709843938558088,Inf,0.00245912614394771,0.0020980743424082,0.000525001044758475,0.00678960023777808,0.00361219771797466,0.00135541013015517,0.00111124021848856,0.00356677780499171,0.00289070784622142,0.00290250668639042,0.00647134792817972,0.00571695200369593,1.07841594348455,1.90021921013425,0.284951336034378,0.429039770595463,1098.65330868607,3046.93846921912,13053818.9318854,0,NaN,NaN,0,0,0.287295873041547,-0.00284449595567936,NaN,0,0,0,0,0,25,0,0,1,0,0,0,1
fixed_lqi,wrench_x1p0,wrench,1,NaN,simscape_validation,0.00757352484767405,0.0192775143859969,Inf,0.00523884107472692,0.00377003974378807,0.00109983540019607,0.018616934284443,0.00620281207013962,0.00466268382248652,0.00226419033642052,0.0052857314820827,0.0049894314063906,0.0056664623903443,0.00960961053598397,0.00977559639282788,1.07841594348455,1.89707291250373,0.29274415774847,0.890232713541825,1068.53229112794,4360,12890135.4247658,0,NaN,NaN,0,0,0.288638882005035,-0.00402130804718059,NaN,0,0,0,0,0,30,0,0,1,0,0,1,0
fixed_lqi,smooth_target_x1p0,smooth_target,1,NaN,simscape_validation,0.00146810252176341,0.00298866336497568,Inf,0.000547087435391427,0.000796502196311166,0.000136368902654105,0.000923743603228611,0.00186355418026518,0.000277130863837849,0.000425321540677127,0.00207648085129909,0.000565120664677467,0.000816416780896015,0.0041064638611637,0.00150892700979099,1.07841594348455,1.90303657138251,0.27839610756345,0.646675456434958,1123.43919515114,5724.70714200023,13206684.121611,0,NaN,NaN,0,0,0.286520514567286,-0.00196024902848879,NaN,0,0,0,0,0,22,0,0,1,0,0,1,0
fixed_lqi,wrench_smooth_target_x1p0,wrench_smooth_target,1,NaN,simscape_validation,0.00753018912934872,0.0192775143859969,Inf,0.00518663516883332,0.00379018266167377,0.00109050115731456,0.018616934284443,0.00617182497407809,0.00466268382248652,0.00225831357518678,0.00528607452444927,0.00489376973130123,0.0056664623903443,0.00956560030806747,0.00959040027753699,1.07841594348455,1.89714315399266,0.29274415774847,0.890232713541825,1112.90234578656,5687.07178506865,12883427.9139831,0,NaN,NaN,0,0,0.289785890058642,-0.00401813083458934,NaN,0,0,0,0,0,30,0,0,1,0,0,1,0
fixed_lqi,target_noise_x1p0_s101,target_noise,1,101,simscape_validation,0.00160611838789606,0.00331253559204297,Inf,0.000525525654017144,0.000885667483273106,0.000161879303660281,0.00112998051829932,0.0020877813075334,0.000442498371064748,0.000592361885119912,0.00216438573638941,0.000967393835662915,0.00176604373200318,0.00443950061254178,0.00263390592535218,1.07841594348455,1.90261897044354,0.291578577044515,1.10984859719387,1125.7772848443,7739.46647740085,13221587.954503,0,NaN,NaN,0,0,0.285296052873724,-0.00208381432195403,NaN,0,0,0,0,0,21,0,0,1,0,0,1,0
fixed_lqi,wrench_target_noise_x1p0_s101,wrench_target_noise,1,101,simscape_validation,0.00846018869676668,0.0220519016362818,Inf,0.00585918063887916,0.00426902440344917,0.00126216254187421,0.0214804736671391,0.00715214765365324,0.00534022472155515,0.00265020058122504,0.00576395905235926,0.00542788158199026,0.00604871112359599,0.0106450880606644,0.0113085997505596,1.07841594348455,1.89614744825551,0.297769369499789,1.25013729831234,1103.47353759591,8445.77437900508,12864926.1830398,0,NaN,NaN,0,0,0.288781926320451,-0.00435562697378204,NaN,0,0,2,0,2,32,0,0,1,0,0,1,0
fixed_lqi,target_noise_x1p0_s102,target_noise,1,102,simscape_validation,0.00144336488850284,0.00285023212305441,Inf,0.000551760848307342,0.000716928397778845,0.000164179611145394,0.00108572862752226,0.00169461798341664,0.000422458084532673,0.000438708832972539,0.00202172782486446,0.000819655258973069,0.00150633090958337,0.00395519699368552,0.00203863872317755,1.07841594348455,1.90308793790426,0.287635721955292,0.772435456303109,1122.55190352626,6699.23404228786,13221109.6126889,0,NaN,NaN,0,0,0.284964008970533,-0.0018714085172372,NaN,0,0,0,0,0,21,0,0,1,0,0,1,0
fixed_lqi,wrench_target_noise_x1p0_s102,wrench_target_noise,1,102,simscape_validation,0.00766158168583665,0.0187961888334804,Inf,0.00533405010124696,0.00378118636231054,0.00120215109729213,0.0179841398717938,0.00630168155243255,0.00522051233970683,0.00216085251219732,0.00527973875411198,0.00504736551325768,0.00538558086690111,0.00958206671007189,0.00976922129721991,1.07841594348455,1.89718680233477,0.298272127049259,0.971144779580156,1099.07620145613,6916.25329057046,12898775.0209189,0,NaN,NaN,0,0,0.288209662570199,-0.00393789254284639,NaN,0,0,0,0,0,30,0,0,1,0,0,1,0
fixed_lqi,target_noise_x1p0_s103,target_noise,1,103,simscape_validation,0.00132200034901654,0.00266022086883361,Inf,0.000534079827635461,0.000658551300505076,0.000119542538426833,0.00111292823251236,0.00169093656301872,0.000323501906529911,0.000522655941081457,0.0018568231535396,0.000580424198513989,0.00128900093888674,0.0037128285062254,0.00174965435111285,1.07841594348455,1.90364026171262,0.289020740106105,0.772123680468638,1130.67167509805,6896.77223339531,13255402.2872302,0,NaN,NaN,0,0,0.285214434028288,-0.00183329825844091,NaN,0,0,0,0,0,21,0,0,1,0,0,1,0
fixed_lqi,wrench_target_noise_x1p0_s103,wrench_target_noise,1,103,simscape_validation,0.00770026506244555,0.0199536215152543,Inf,0.00548515859280502,0.0038037801695099,0.00118888904075807,0.0191537996321014,0.00625991971812767,0.00501622673916427,0.00243537530705282,0.00517058240277913,0.00454243225462854,0.00566639872028139,0.00930537203211579,0.00942700590113965,1.07841594348455,1.89757346866227,0.306789705927768,1.28049122500695,1109.46183033685,8708.19826462488,12924688.8963458,0,NaN,NaN,0,0,0.288525334110833,-0.00395470814197629,NaN,0,0,3,0,2,30,0,0,1,0,0,1,0
fixed_lqi,target_noise_x1p0_s104,target_noise,1,104,simscape_validation,0.00141730699666079,0.0028558964747223,Inf,0.000580065724410927,0.000706025838811128,0.000148699308230275,0.00109258491606633,0.00177473672436734,0.000348909768078776,0.000501194075286197,0.00197820096205204,0.000665072242598455,0.00158404065935495,0.00397644664550656,0.00171517275072097,1.07841594348455,1.90322349708297,0.28671759825567,0.967299012196555,1148.16283291214,5969.09969956557,13232810.7254629,0,NaN,NaN,0,0,0.284724615257279,-0.00192005951857809,NaN,0,0,0,0,0,21,0,0,1,0,0,0,1
fixed_lqi,wrench_target_noise_x1p0_s104,wrench_target_noise,1,104,simscape_validation,0.00760934092099401,0.0193670988336975,Inf,0.00525660408525063,0.00380839228453882,0.00116903888091233,0.0186974239254738,0.00629696661895618,0.00474800842904805,0.00220030079021623,0.00530975481577276,0.00495619777735259,0.00543562657835851,0.00964351007304903,0.00941188473427135,1.07841594348455,1.89720588387696,0.297119709170224,1.01943227735823,1124.34225195033,7296.859249717,12903962.253377,0,NaN,NaN,0,0,0.287994309603347,-0.00402522878769018,NaN,0,0,0,0,0,30,0,0,1,0,0,0,1
fixed_lqi,target_noise_x1p0_s105,target_noise,1,105,simscape_validation,0.00169634021444862,0.00316771126746773,Inf,0.000565434947835793,0.000806981513375231,0.000236422897679596,0.00114555047104259,0.00175590173331691,0.000545241425529364,0.000346945812123408,0.00225740717863882,0.00147874791870001,0.00111979868030976,0.00422430054977752,0.00353937204505472,1.07841594348455,1.9026269317501,0.292155043133546,0.863292298593117,1126.92308255507,6083.17217826503,13186712.1603645,0,NaN,NaN,0,0,0.286369940498377,-0.00194691161111315,NaN,0,0,0,0,0,21,0,0,1,0,0,0,1
fixed_lqi,wrench_target_noise_x1p0_s105,wrench_target_noise,1,105,simscape_validation,0.00804896304609622,0.0197018311869097,Inf,0.00551752914796495,0.00396320397208116,0.00116905017271251,0.0191990103549688,0.00634953008507566,0.00463412417162379,0.00199837402008412,0.0055892362367201,0.00581747336208342,0.00549630453048038,0.00992340308816669,0.0114032355218459,1.07841594348455,1.89661126566326,0.29339660925145,1.47644317702977,1104.21442410915,6060.29530636552,12857353.0883456,0,NaN,NaN,0,0,0.289747289707903,-0.00405852386966625,NaN,0,0,3,0,0,31,0,0,1,0,0,0,1
fixed_lqi,wrench_x1p5,wrench,1.5,NaN,simscape_validation,14.6407723444044,42.48751274713,Inf,12.3161310660315,3.69630551298396,6.88055760310019,33.7751033507424,10.1758442697817,23.5995937202296,1.71791393213828,0.805312801575733,1.74406855766657,3.20325900527763,1.83553488286197,3.92564854288177,1.07841594348455,42.2885224357385,38.507221753163,114.305612143147,1192.78553726803,458217701.395078,13070322.454849,0,NaN,NaN,0,0,3.37063266754088e-05,-0.364635432559468,NaN,1157,345,364,0,322,206,1132,0,1,0,0,0,1
fixed_lqi,smooth_target_x1p5,smooth_target,1.5,NaN,simscape_validation,0.00147259876202837,0.0030163223496958,Inf,0.000557922499944008,0.000798349854151951,0.000133720068418526,0.00098679750059856,0.00189231635148507,0.000275074295242872,0.000447920850270847,0.0020781397048164,0.000537407188083634,0.000885107960442055,0.00413338061179508,0.00148107585008928,1.07841594348455,1.90302699300571,0.27839610756345,0.950359065762281,1154.1075614154,8490.26953959616,13203403.9622408,0,NaN,NaN,0,0,0.286991688847156,-0.00197695593553615,NaN,0,0,0,0,3,21,0,0,1,0,0,0,1
fixed_lqi,wrench_smooth_target_x1p5,wrench_smooth_target,1.5,NaN,simscape_validation,16.2224857614434,42.7314417742254,Inf,13.6430598294988,4.14227232334076,7.60817566340357,33.8990149989028,10.2278297878085,23.8521238914512,1.76856986117413,0.901579005002225,2.00801875389791,3.2278883731054,1.86020815040224,3.92551411385188,1.07841594348455,42.7086152921937,40.4057672485786,114.07695149476,1264.84828530362,456120259.489587,12992564.0262661,0,NaN,NaN,0,0,1.30593248368702e-05,-0.364635432559468,NaN,1718,345,364,0,337,206,1693,0,1,0,0,0,1
fixed_lqi,target_noise_x1p5_s101,target_noise,1.5,101,simscape_validation,0.00174575268999037,0.00357149738663298,Inf,0.000539973129116138,0.000958911052614881,0.000187370233411225,0.0013434141009538,0.00237732272595287,0.00052719228781517,0.000779380720720313,0.00224739206635781,0.0012440451942047,0.00254138617951899,0.00463781827593129,0.00342996210650026,1.07841594348455,1.90240260130481,0.298642243528857,1.65123116024568,1149.15967885142,12203.9368829003,13237170.5326274,0,NaN,NaN,0,0,0.284890641836833,-0.0021661698714529,NaN,0,0,8,0,26,23,0,0,1,0,0,0,1
fixed_lqi,wrench_target_noise_x1p5_s101,wrench_target_noise,1.5,101,simscape_validation,16.8811235415315,47.6190779386457,Inf,14.1635651131085,2.897701712228,8.61891550956222,37.8651654853652,7.77090302726659,27.7626670541152,1.73458133221658,0.786775273893365,1.76230372494664,3.22945263627942,1.87102187854547,3.92531073949724,1.07841594348455,47.2863082023304,41.8842989845404,125.45103858561,1206.93043012147,495092711.786168,13127816.8254715,0,NaN,NaN,0,0,2.4945169681659e-05,-0.344646379474967,NaN,1870,375,403,0,350,309,1841,0,1,0,0,0,1
fixed_lqi,target_noise_x1p5_s102,target_noise,1.5,102,simscape_validation,0.00147789428575075,0.00305886246126111,Inf,0.000564899403661284,0.000698843136943787,0.00018128224266277,0.00123174452041303,0.0017341988808523,0.000505194320697733,0.000559764506672579,0.00201257932993172,0.00100570818131278,0.00201979807014625,0.00407919228770226,0.00275664572248802,1.07841594348455,1.90310967790425,0.292345624649026,1.19363425085716,1138.00984598453,9819.7481438506,13230283.7750858,0,NaN,NaN,0,0,0.284761749828729,-0.00184436307952229,NaN,0,0,0,0,5,21,0,0,1,0,0,0,1
fixed_lqi,wrench_target_noise_x1p5_s102,wrench_target_noise,1.5,102,simscape_validation,15.4158583320733,45.5892575464411,Inf,13.2051358085184,2.792121244907,7.33347295721793,36.8286955222033,7.7112581242619,25.6639222637324,1.66479162808987,0.829667516644054,1.82465327593943,3.22176041450118,1.88148475109047,3.92402779869056,1.07841594348455,45.7638987816961,36.5173342006195,119.468889692159,1199.07422448522,472967561.541454,13186977.2314933,0,NaN,NaN,0,0,4.11726170834131e-05,-0.330055483376783,NaN,1706,355,396,0,295,261,1676,0,1,0,0,0,1
fixed_lqi,target_noise_x1p5_s103,target_noise,1.5,103,simscape_validation,0.00134790481297269,0.00257934497866591,Inf,0.000546545461137751,0.000617416510483055,0.00014160215174248,0.00131398454483936,0.0016351991800404,0.000425547088425737,0.000634749259802237,0.0017839760008864,0.000939173846122162,0.00166405411824115,0.00354008977331011,0.00309619780066317,1.07841594348455,1.90394266783889,0.297829771443969,1.18328485811225,1160.2870312849,10805.4808150512,13284870.3485632,0,NaN,NaN,0,0,0.285019662734714,-0.0017870553055842,NaN,0,0,0,0,15,21,0,0,1,0,0,0,1
fixed_lqi,wrench_target_noise_x1p5_s103,wrench_target_noise,1.5,103,simscape_validation,15.1964322227725,47.5765627459874,Inf,13.0731909318192,2.20229621411949,7.32243185264069,38.5940706648015,6.47747017222497,26.9726317833184,1.69587107974981,0.752285443289549,1.66689685751487,3.22125798968548,1.8877944228761,3.91769099731969,1.07841594348455,47.5685069696338,38.1501922595946,118.233995053783,1202.25080730013,560535564,13157630.1859208,0,NaN,NaN,0,0,2.74709700476773e-06,-0.313451157512059,NaN,1676,377,420,0,311,292,1644,0,1,0,0,0,1
fixed_lqi,target_noise_x1p5_s104,target_noise,1.5,104,simscape_validation,0.00144040115066729,0.00282321319898868,Inf,0.000609006475639607,0.000683323170760164,0.000159590993735896,0.00124784675439559,0.00176303394341154,0.000417517299230397,0.000631581168452131,0.00194285176886914,0.000819938545155687,0.00222999395959278,0.00396815838670411,0.00246776641747914,1.07841594348455,1.90331133820176,0.291456829766201,1.42765704519969,1179.52095075229,9264.58613734814,13247607.98201,0,NaN,NaN,0,0,0.284303201459144,-0.00191813723317524,NaN,0,0,3,0,9,21,0,0,1,0,0,0,1
fixed_lqi,wrench_target_noise_x1p5_s104,wrench_target_noise,1.5,104,simscape_validation,13.0216539957622,42.4387836679803,Inf,11.1028278889213,2.99185922664873,5.98908218041107,34.0038042349537,9.13301313648152,23.6437315922619,1.59057088010302,0.825571889266014,1.63399815335874,3.22840577389959,1.85032682615645,3.90520146292899,1.07841594348455,42.2947473548076,35.6987451953478,116.965360370247,1191.90905344475,463700788.2758,13277941.1249168,0,NaN,NaN,0,0,3.34282539822904e-05,-0.355526333469673,NaN,1641,346,387,0,289,273,1607,0,1,0,0,0,1
fixed_lqi,target_noise_x1p5_s105,target_noise,1.5,105,simscape_validation,0.00189786697749396,0.00367682612251392,Inf,0.000593956159714368,0.000842777291872983,0.000289102312695281,0.00131749380292517,0.00173030112309719,0.000728731075470612,0.000545762151371247,0.0023850838568069,0.0019582043828256,0.00177181971708641,0.00449373995914226,0.00473499664996446,1.07841594348455,1.90242140681047,0.299385584508893,1.29938054370187,1146.05332235917,8773.34469609631,13178646.5883525,0,NaN,NaN,0,0,0.286651050063899,-0.00195644034282549,NaN,0,0,1,0,7,22,0,0,1,0,0,0,1
fixed_lqi,wrench_target_noise_x1p5_s105,wrench_target_noise,1.5,105,simscape_validation,13.410715212348,42.4125680100642,Inf,11.1856623206261,3.6882518518423,6.2796390966873,33.1001829867472,10.9431773467679,24.0937474516765,1.70542678055862,0.847517320517797,1.77141809888071,3.21143506655944,1.81661627053717,3.92392205942534,1.07841594348455,42.0222404555766,39.5990267485695,118.329819920248,1191.12874288978,459196458.595511,13081540.1003996,0,NaN,NaN,0,0,1.26087841651894e-06,-0.38705161621044,NaN,1759,341,380,0,320,300,1736,0,1,0,0,0,1
scheduled_lqi_dob,nominal,nominal,0,NaN,simscape_validation,0.000761596784221359,0.00131684421435757,0,0.000236063824184754,0.000409112675119455,0.000377182806648989,0.000373619858922022,0.000700955666588288,0.000725024692107779,0.000339846406480417,0.000233831051851122,0.000829747785464272,0.000619307559359433,0.000395442778895472,0.00144991920717674,1.07841594348455,1.90572915566995,0.278657392665971,0.16547629751229,1099.38923937431,494.090591130276,13335670.7612746,0.0020732,NaN,0.0020732,0,0,0.28423332934556,-0.000218929622017069,NaN,0,0,0,0,0,13,0,0,1,0,0,1,0
scheduled_lqi_dob,wrench_x0p5,wrench,0.5,NaN,simscape_validation,0.00077273484932173,0.00135767333227141,Inf,0.000254838925527592,0.000418851947570848,0.000378265377687446,0.000445064189882854,0.00106862752190284,0.000733354217852256,0.000335003867710968,0.000235515867628422,0.000828808278505425,0.000659998444866361,0.000412321140534966,0.0014346712776927,1.07841594348455,1.90572845888588,0.278717752860891,0.16547629751229,1099.36738511891,875.419292556747,13343526.3431329,0.0019731,NaN,0.0019731,0,0,0.284234467200714,-0.000218370031849976,NaN,0,0,0,0,0,13,0,0,1,0,0,0,1
scheduled_lqi_dob,smooth_target_x0p5,smooth_target,0.5,NaN,simscape_validation,0.000761310921693885,0.00131684421435757,Inf,0.00023507231867683,0.000407830287524599,0.000378487340674337,0.000373619858922022,0.000700955666588288,0.000725024692107779,0.000335505563445806,0.000232346635333916,0.000832153539908693,0.000619307559359433,0.000395442778895472,0.00144991920717674,1.07841594348455,1.90572879472961,0.278657392665971,0.404211296358684,1099.00483687275,2761.91901040194,13329955.7919229,0.0015489,NaN,0.0015489,0,0,0.284859576365922,-0.00021783274017971,NaN,0,0,0,0,0,13,0,0,1,0,0,0,1
scheduled_lqi_dob,wrench_smooth_target_x0p5,wrench_smooth_target,0.5,NaN,simscape_validation,0.000772325273431513,0.00135767333227141,Inf,0.000253763085415735,0.000417438366835911,0.000379585467169175,0.000445064189882854,0.00106862752190284,0.000733354217852256,0.000330746338417922,0.000233937766421857,0.000831193606170899,0.000659998444866361,0.000412321140534966,0.0014346712776927,1.07841594348455,1.90572809789734,0.278717752860891,0.404205720127541,1098.97755052995,2761.92429636075,13337810.8470812,0.0015947,NaN,0.0015947,0,0,0.284860724708689,-0.000217273488048893,NaN,0,0,0,0,0,13,0,0,1,0,0,0,1
scheduled_lqi_dob,target_noise_x0p5_s101,target_noise,0.5,101,simscape_validation,0.000816299316445455,0.00154614766123957,Inf,0.000245214374253721,0.000412718783433841,0.000416850443228121,0.000441289986106458,0.000766147385903415,0.00105891816507553,0.000358215814816924,0.000267210665028423,0.000921267325150764,0.000760153736026031,0.000637258996448231,0.00214017314915338,1.07841594348455,1.90573744103547,0.289400813910134,0.848178406385017,1108.36685471141,2729.78529116719,13336842.7801251,0.00171665,NaN,0.00171665,0,0,0.284356742408288,-0.000262546278325111,NaN,0,0,0,0,0,13,0,0,1,0,0,0,1
scheduled_lqi_dob,wrench_target_noise_x0p5_s101,wrench_target_noise,0.5,101,simscape_validation,0.000825990541404048,0.00153958055167825,Inf,0.000260894006221742,0.000422863614988902,0.000417015492423009,0.00046743868396841,0.00109827266603288,0.00106395308874863,0.000356922483357954,0.000267855744217232,0.000920204421843518,0.000921890019355984,0.000654900343058762,0.00212861158517275,1.07841594348455,1.90573674512291,0.289400813910134,0.848177088333794,1108.34260750064,2671.8853763356,13344702.0871644,0.00175165,NaN,0.00175165,0,0,0.284357809179334,-0.000261986948061894,NaN,0,0,0,0,0,13,0,0,1,0,0,0,1
scheduled_lqi_dob,target_noise_x0p5_s102,target_noise,0.5,102,simscape_validation,0.000766671539400722,0.00136315941988526,Inf,0.000230492848945434,0.000410321517451772,0.000368871514017936,0.000404980479900396,0.000779398720054447,0.000841777004255917,0.000344811581941947,0.000250517274758417,0.000859802003663304,0.000721132113928019,0.000650286457042903,0.00187174357432141,1.07841594348455,1.90573241408313,0.286178597441067,0.649055234917593,1113.59229364794,2711.42212070116,13336140.2818406,0.0021161,NaN,0.0021161,0,0,0.284067277107179,-0.000219928906166951,NaN,0,0,0,0,0,13,0,0,1,0,0,0,1
scheduled_lqi_dob,wrench_target_noise_x0p5_s102,wrench_target_noise,0.5,102,simscape_validation,0.000776651385961469,0.00148498276850121,Inf,0.000248330201517702,0.00041761149746681,0.000370033499604674,0.000464622573799561,0.00108018101866938,0.000846976472244743,0.000342503128175626,0.000251554514792562,0.000860344851796629,0.000838001713383829,0.000668081925934427,0.0019189616253194,1.07841594348455,1.90573171729743,0.286178597441067,0.649050087694945,1113.57030435628,2711.43630493403,13343940.808269,0.00118715,NaN,0.00118715,0,0,0.284068458732857,-0.000219369732452508,NaN,0,0,0,0,0,13,0,0,1,0,0,0,1
scheduled_lqi_dob,target_noise_x0p5_s103,target_noise,0.5,103,simscape_validation,0.000767661916468434,0.00145334157827743,Inf,0.00022988111961272,0.000411058749766743,0.00038641052799068,0.000427299997139058,0.000752051804858656,0.000888971808876926,0.0003379307058468,0.000256238526236993,0.000832377945092737,0.000764921062946691,0.000699323814809416,0.00191900869921613,1.07841594348455,1.905715447386,0.285833631041865,0.70774872570624,1112.12703410246,2944.03172066167,13347796.2877765,0.0013673,NaN,0.0013673,0,0,0.284200265959807,-0.000179586147797224,NaN,0,0,0,0,0,11,0,0,1,0,0,0,1
scheduled_lqi_dob,wrench_target_noise_x0p5_s103,wrench_target_noise,0.5,103,simscape_validation,0.000778688850000746,0.00144319252025615,Inf,0.000249142094594602,0.000420302716269359,0.000387949929558349,0.000473143935673728,0.0010442316523144,0.000897532570094395,0.00033578321701113,0.000257591490599631,0.000830298944850222,0.000796609294470368,0.000711707693886954,0.0019020168669952,1.07841594348455,1.90571475079243,0.285833631041865,0.707770333713291,1112.10576743459,2944.13730154525,13355717.5509124,0.0012596,NaN,0.0012596,0,0,0.28420143311386,-0.000179024648763289,NaN,0,0,0,0,0,11,0,0,1,0,0,0,1
scheduled_lqi_dob,target_noise_x0p5_s104,target_noise,0.5,104,simscape_validation,0.000768073221397225,0.00157644329528471,Inf,0.000239637989366417,0.00041000151662256,0.000376377809635247,0.000454159105990656,0.000786459716791976,0.000992704683277168,0.000339636912617582,0.000281977539453637,0.000834343974555154,0.000822026178411706,0.000727469526756119,0.00201168890023218,1.07841594348455,1.9057150799167,0.287029408563188,1.00558970941811,1118.57000906673,2040.18155912517,13338032.8162692,0.0014578,NaN,0.0014578,0,0,0.284134372971071,-0.000203477290306449,NaN,0,0,0,0,0,12,0,0,1,0,0,0,1
scheduled_lqi_dob,wrench_target_noise_x0p5_s104,wrench_target_noise,0.5,104,simscape_validation,0.00077885854579495,0.00157553617717698,Inf,0.000259541872584421,0.000418543725179443,0.000378457685262965,0.000503319808040886,0.0010757663163338,0.00100198823715036,0.000331597245485085,0.000285342601615835,0.000831878111105135,0.000764410401579138,0.000754375305760724,0.0020011139140893,1.07841594348455,1.90571438088928,0.287029408563188,1.0055859229603,1118.54698255846,2040.18155912517,13345926.9375545,0.0012994,NaN,0.0012994,0,0,0.284135590995148,-0.000202917596624603,NaN,0,0,0,0,0,12,0,0,1,0,0,0,1
scheduled_lqi_dob,target_noise_x0p5_s105,target_noise,0.5,105,simscape_validation,0.000771795382546689,0.00146818668363137,Inf,0.000230568868185299,0.000410899240435254,0.000365217373563551,0.000436251680060826,0.000749714219280329,0.000900318436284853,0.000327320756385945,0.000261701800947966,0.000886290056936429,0.000826457332437386,0.00072953940005499,0.00181961093398597,1.07841594348455,1.90573135302944,0.28685418138018,0.695901446453593,1111.77929339516,2150.04157903573,13327498.1141824,0.0013429,NaN,0.0013429,0,0,0.284638695979871,-0.000218825644432305,NaN,0,0,0,0,0,13,0,0,1,0,0,0,1
scheduled_lqi_dob,wrench_target_noise_x0p5_s105,wrench_target_noise,0.5,105,simscape_validation,0.000782645195908409,0.00146835710461065,Inf,0.000249270322159035,0.000420670588064355,0.000365962713904921,0.000496178380207879,0.00105103680544638,0.000907794681795748,0.000322453542517571,0.000261009906206649,0.000886520711507957,0.000800166520519563,0.000737519920836649,0.00180417477759931,1.07841594348455,1.90573065698054,0.287343234281545,0.695899503287965,1111.75713033937,2186.78844179574,13335327.2835572,0.0016332,NaN,0.0016332,0,0,0.2846397851007,-0.000218267230230547,NaN,0,0,0,0,0,13,0,0,1,0,0,0,1
scheduled_lqi_dob,wrench_x1p0,wrench,1,NaN,simscape_validation,0.000797160109595781,0.00187117793162118,Inf,0.000299817374447076,0.00043433779550917,0.000380818372462139,0.000774682414913637,0.00148598203914704,0.000741650570367014,0.000332193275759851,0.000239527585173646,0.000824549258123849,0.000860473022412642,0.000430826681704632,0.00141977197725196,1.07841594348455,1.90572776402452,0.280506183180329,0.16547629751229,1099.34531291567,1493.29370979875,13358308.0189328,0.00151865,NaN,0.00151865,0,0,0.284235632844808,-0.000217814885987595,NaN,0,0,0,0,0,13,0,0,1,0,0,1,0
scheduled_lqi_dob,smooth_target_x1p0,smooth_target,1,NaN,simscape_validation,0.000763738562430931,0.00131684421435757,Inf,0.000234649786777799,0.000407489444825816,0.000381947787281327,0.000373619858922022,0.000700955666588288,0.000725024692107779,0.000332439403510236,0.000232763994656783,0.000836972044699077,0.000619307559359433,0.000395442778895472,0.00144991920717674,1.07841594348455,1.90572843695107,0.278657392665971,0.827000143230856,1126.27035533477,5578.3098671531,13325204.4399941,0.001927,NaN,0.001927,0,0,0.28546765811089,-0.000216743877475718,NaN,0,0,0,0,0,13,0,0,1,0,0,1,0
scheduled_lqi_dob,wrench_smooth_target_x1p0,wrench_smooth_target,1,NaN,simscape_validation,0.000798360437328923,0.00187117793162118,Inf,0.000297779677285611,0.000431776626377957,0.00038566877632622,0.000774682414913637,0.00148598203914704,0.000741650570367014,0.000325001286139584,0.000238051954006819,0.0008317729242256,0.000860473022412642,0.000430826681704632,0.00141977197725196,1.07841594348455,1.90572704512827,0.280506183180329,0.826989134721196,1126.23340605812,5578.30143107454,13347839.5606143,0.00215745,NaN,0.00215745,0,0,0.285470003378715,-0.000215630534203699,NaN,0,0,0,0,0,13,0,0,1,0,0,1,0
scheduled_lqi_dob,target_noise_x1p0_s101,target_noise,1,101,simscape_validation,0.000910731519260352,0.00197977171657415,Inf,0.000260248087858706,0.000419152589161133,0.000476861131749581,0.000547471305916467,0.000834693223973004,0.00147025933269779,0.000399300364770632,0.000340083412791617,0.00107674142434606,0.00102393702965779,0.000943577592866562,0.0028610802381569,1.07841594348455,1.90574557601148,0.30094119812134,1.63502556956333,1124.29543198574,5069.61357234867,13345436.6593779,0.00210715,NaN,0.00210715,0,0,0.284299455894819,-0.000305794465626022,NaN,0,0,21,0,0,15,0,0,1,0,0,1,0
scheduled_lqi_dob,wrench_target_noise_x1p0_s101,wrench_target_noise,1,101,simscape_validation,0.000942644809750817,0.00210363689806738,Inf,0.000314091535664425,0.000449775301741096,0.000477325089615646,0.000674182342801352,0.00153934863542657,0.00148018651773796,0.000403774320625696,0.000343143025378611,0.00107627779290582,0.00139604810552387,0.000952431192282277,0.00283779136793538,1.07841594348455,1.90574418786269,0.30094119812134,1.63503706950988,1124.24646448654,5069.63197092692,13368086.7480485,0.0016387,NaN,0.0016387,0,0,0.284302169810606,-0.000304677553072386,NaN,0,0,21,0,0,15,0,0,1,0,0,1,0
scheduled_lqi_dob,target_noise_x1p0_s102,target_noise,1,102,simscape_validation,0.000819258262745094,0.0015768030994613,Inf,0.000232791466169821,0.000417568635229994,0.000387133086887014,0.000442868159365506,0.000857965424137241,0.00102789276702531,0.00038337100933144,0.00031106600765772,0.000962959592683154,0.000982980184132135,0.000907411668587821,0.00269030015241206,1.07841594348455,1.90573561905997,0.29387593702117,1.27532551699446,1127.80290669964,5359.17113813937,13341114.4070534,0.00189925,NaN,0.00189925,0,0,0.283860503371834,-0.000220589105536568,NaN,0,0,4,0,0,13,0,0,1,0,0,1,0
scheduled_lqi_dob,wrench_target_noise_x1p0_s102,wrench_target_noise,1,102,simscape_validation,0.000852406418450527,0.00206957682603181,Inf,0.000293394695992458,0.000442857792525633,0.000387761898511919,0.000812133911385314,0.00151134204871192,0.00103815032420457,0.000389105695786618,0.000313648016044988,0.000962474644082155,0.00120203713935865,0.000942793391248919,0.00269030015241206,1.07841594348455,1.90573422740873,0.29387593702117,1.27542698569901,1127.75844204067,5359.21330558251,13363535.4553334,0.0018928,NaN,0.0018928,0,0,0.283862940675046,-0.000219475944929766,NaN,0,0,3,0,0,13,0,0,1,0,0,1,0
scheduled_lqi_dob,target_noise_x1p0_s103,target_noise,1,103,simscape_validation,0.000832677824949501,0.0016605667320214,Inf,0.000235206356933571,0.000413897179963357,0.000432068411047686,0.000515746601785216,0.000803637210338159,0.00110489095308369,0.000382815358221728,0.000328325220251823,0.000930483917599479,0.00103914084348478,0.00101203648438286,0.00239747253368638,1.07841594348455,1.90570151593244,0.296435071075596,1.3203384502964,1135.94519525859,5659.97614657553,13365931.3349538,0.0018626,NaN,0.0018626,0,0,0.284051098134699,-0.000139431053503544,NaN,0,0,10,0,0,10,0,0,1,0,0,1,0
scheduled_lqi_dob,wrench_target_noise_x1p0_s103,wrench_target_noise,1,103,simscape_validation,0.000870667374866403,0.00177289546710331,Inf,0.000301640266324846,0.000443378068843441,0.00043667437504534,0.000775788485402024,0.00143898418053534,0.00111259415362486,0.000386254044059605,0.000332961649056315,0.000926913791162862,0.00116557106158231,0.00103680983753435,0.00236359664471442,1.07841594348455,1.9057001250324,0.296435071075596,1.32032842392222,1135.89124798388,5661.98048798598,13388830.2909816,0.00190745,NaN,0.00190745,0,0,0.284053171638047,-0.000138308701427388,NaN,0,0,10,0,0,10,0,0,1,0,0,1,0
scheduled_lqi_dob,target_noise_x1p0_s104,target_noise,1,104,simscape_validation,0.0008237421805383,0.00187936035189957,Inf,0.000251013885523368,0.000419215403293497,0.000403718735826626,0.000535328997185613,0.000877138412419043,0.00126560881601684,0.000371585744179288,0.000360244866346211,0.0009161872188695,0.00107295215865194,0.00108419759354539,0.00261953274052085,1.07841594348455,1.9057009474097,0.295418279678205,1.94903457515393,1142.4375065127,3823.58658432442,13344711.373709,0.00185615,NaN,0.00185615,0,0,0.283805395526383,-0.000187594953057087,NaN,0,0,6,0,0,11,0,0,1,0,0,0,1
scheduled_lqi_dob,wrench_target_noise_x1p0_s104,wrench_target_noise,1,104,simscape_validation,0.000862461335687131,0.00188671537883093,Inf,0.00031892820086908,0.000448334814542357,0.000410117151082514,0.000825034090732431,0.00149350847415169,0.00128424162412405,0.000353936728848486,0.000370758476151559,0.00091047440554104,0.000958692578966677,0.00113676484055331,0.00259867433596206,1.07841594348455,1.90569954679244,0.295418279678205,1.94903592489536,1142.39187114524,3823.558567509,13367509.9533458,0.0019104,NaN,0.0019104,0,0,0.283807885079681,-0.000186479906899448,NaN,0,0,6,0,0,11,0,0,1,0,0,0,1
scheduled_lqi_dob,target_noise_x1p0_s105,target_noise,1,105,simscape_validation,0.00083492915526588,0.00169377316078252,Inf,0.000232707645148675,0.000417349698061308,0.000383073360675862,0.000504039058837003,0.000819513150170981,0.00108136637052375,0.000347881388812057,0.000349433234155355,0.00102224579161271,0.00105700543178433,0.00111792061220672,0.00251483948340869,1.07841594348455,1.90573347278853,0.29589183055333,1.35708243470511,1126.25850012419,4236.65726343478,13323491.9060341,0.0016751,NaN,0.0016751,0,0,0.284946605903735,-0.000218198517099584,NaN,0,0,5,0,0,13,0,0,1,0,0,0,1
scheduled_lqi_dob,wrench_target_noise_x1p0_s105,wrench_target_noise,1,105,simscape_validation,0.00086850433664953,0.0020048210101664,Inf,0.000298839103147617,0.00044474028899184,0.000384081708877479,0.0007640233388964,0.00145182383448228,0.00109619180577741,0.000340349208238335,0.000347913866826696,0.00102070931982125,0.00100397441547884,0.00113392948052121,0.00251483948340869,1.07841594348455,1.90573208408142,0.296870228173518,1.3570942548694,1126.21386221071,4236.62807331957,13346019.7184564,0.00124845,NaN,0.00124845,0,0,0.284948501219843,-0.000217076931080857,NaN,0,0,5,0,0,13,0,0,1,0,0,0,1
scheduled_lqi_dob,wrench_x1p5,wrench,1.5,NaN,simscape_validation,0.000771189669877345,0.00247094997557378,Inf,0.000319094073143192,0.000486503637148011,0.000270836011788788,0.00137488251627969,0.00192229308745986,0.000549290774464195,0.000312838712550881,0.00021873149675576,0.000765367005389281,0.00116483043903372,0.000411944269158332,0.00146657718550108,1.07841594348455,1.9057336801271,0.282396965592413,0.356735713296639,1099.08944607781,2221.99304751408,13374776.5499661,0.0014021,NaN,0.0014021,0,0,0.284263624350813,-0.00022278144631593,NaN,0,0,0,0,0,13,0,0,1,0,0,0,1
scheduled_lqi_dob,smooth_target_x1p5,smooth_target,1.5,NaN,simscape_validation,0.000766102076301947,0.00131684421435757,Inf,0.000233903474365318,0.000407306431822518,0.000384858842624296,0.000373619858922022,0.000700955666588288,0.000725024692107779,0.00032943878958802,0.000234779651915326,0.000842078019150737,0.000619307559359433,0.000395442778895472,0.00144991920717674,1.07841594348455,1.90572808256545,0.278657392665971,1.25300269243505,1157.43988743668,8407.5670279868,13321417.9527287,0.00139555,NaN,0.00139555,0,0,0.285853215896927,-0.000215664123392675,NaN,0,0,1,0,3,13,0,0,1,0,0,0,1
scheduled_lqi_dob,wrench_smooth_target_x1p5,wrench_smooth_target,1.5,NaN,simscape_validation,0.000773905180724559,0.00247094997557378,Inf,0.000315423398446406,0.000482691951763965,0.000280706434032681,0.00137488251627969,0.00192229308745986,0.000555098861525494,0.000309114469718138,0.000220900340651396,0.000778620593325209,0.00116483043903372,0.000411944269158332,0.00146657718550108,1.07841594348455,1.90573260079249,0.282396965592413,1.25302586702452,1157.38165848979,8407.26461252029,13360560.1854702,0.0013189,NaN,0.0013189,0,0,0.28587274859192,-0.000219535071863559,NaN,0,0,1,0,3,13,0,0,1,0,0,0,1
scheduled_lqi_dob,target_noise_x1p5_s101,target_noise,1.5,101,simscape_validation,0.0010444547987524,0.00254885640918489,Inf,0.0002806279329007,0.000427509472290266,0.000564566840602092,0.000653893700315683,0.000903754506435095,0.0018827790399607,0.000459797920502761,0.000435391729328701,0.00128123175435336,0.00128755339170911,0.0013210742325237,0.00365285837823248,1.07841594348455,1.90575355346057,0.312486054873229,2.43044615350516,1148.346242198,8198.06242042762,13361432.5602314,0.0012727,NaN,0.0012727,0,0,0.283910620219631,-0.000348602084820786,NaN,0,0,96,0,1,15,0,0,1,0,0,0,1
scheduled_lqi_dob,wrench_target_noise_x1p5_s101,wrench_target_noise,1.5,101,simscape_validation,0.00106470223232653,0.00269756246775222,Inf,0.000357656881098786,0.000523737152118267,0.000491228370008433,0.00133563718395553,0.00204489173560496,0.00177083780639209,0.00048159799174825,0.000427253125284123,0.00124329564984912,0.00177410383778658,0.0013332506135903,0.00360004502325884,1.07841594348455,1.9057580429003,0.312486054873229,2.43046393112009,1148.28409555594,8201.95011491283,13400636.6229014,0.0013699,NaN,0.0013699,0,0,0.283947130878754,-0.000352443815946794,NaN,0,0,97,0,1,15,0,0,1,0,0,0,1
scheduled_lqi_dob,target_noise_x1p5_s102,target_noise,1.5,102,simscape_validation,0.000895512902948161,0.00192941058233684,Inf,0.000237781901076208,0.000423343085702433,0.000418796508357924,0.000481103089695623,0.000936673719250547,0.00121530652698665,0.000442546586864361,0.000393585528203446,0.0011010975994039,0.00128293753440956,0.00126670083826102,0.00363093147749544,1.07841594348455,1.90573877069817,0.301577749240556,1.90763937014502,1143.4166632953,8005.9404360569,13350593.6313024,0.0013192,NaN,0.0013192,0,0,0.283646661489125,-0.000220910099271716,NaN,0,0,75,0,1,13,0,0,1,0,0,0,1
scheduled_lqi_dob,wrench_target_noise_x1p5_s102,wrench_target_noise,1.5,102,simscape_validation,0.000926234532071588,0.00270427266134804,Inf,0.000324450936798629,0.00050407080990397,0.000330557100551542,0.00149561712765663,0.00194579754345664,0.00109122625613967,0.000521694326341106,0.000382287795082556,0.0010671633198132,0.0020324834290476,0.00126670083826102,0.00363093147749544,1.07841594348455,1.90574327253806,0.303512957180607,1.90819362237691,1143.15112731984,8006.04101085155,13389099.7970526,0.00131655,NaN,0.00131655,0,0,0.28367856141504,-0.000224746940979399,NaN,0,0,76,0,1,13,0,0,1,0,0,0,1
scheduled_lqi_dob,target_noise_x1p5_s103,target_noise,1.5,103,simscape_validation,0.000941755978003916,0.00199334338997016,Inf,0.000247001711421755,0.000418001568863403,0.000500371231786196,0.000626776068338664,0.000855279730774761,0.00138455425478268,0.000458865552394961,0.000421565736928854,0.00110223224242001,0.0013616482279234,0.00132483781634912,0.00288034628003175,1.07841594348455,1.90568735961564,0.307042989374528,1.97066894500781,1163.29972319867,8509.67402930556,13390078.9337141,0.0012058,NaN,0.0012058,0,0,0.283883320456962,-9.84552069566115e-05,NaN,0,0,74,0,1,9,0,0,1,0,0,0,1
scheduled_lqi_dob,wrench_target_noise_x1p5_s103,wrench_target_noise,1.5,103,simscape_validation,0.00100516883039297,0.00248212522144844,Inf,0.000352822901397397,0.000511540957104179,0.000456056430827787,0.00148165144361417,0.00183260952689779,0.00136028062448645,0.000591909772641583,0.000416121048048652,0.00106834504267905,0.00210998843009739,0.00129780333551038,0.0028331164746328,1.07841594348455,1.9056917213138,0.308891455310922,1.97071716771142,1162.93013141641,8511.74365709014,13429858.1925011,0.0011832,NaN,0.0011832,0,0,0.283910285536151,-0.00010218751020373,NaN,0,0,74,0,1,9,0,0,1,0,0,0,1
scheduled_lqi_dob,target_noise_x1p5_s104,target_noise,1.5,104,simscape_validation,0.000900689043221614,0.00220454966728493,Inf,0.000263899166358877,0.000427354793993338,0.000444357529473604,0.000616899168098053,0.000967998999088115,0.00153879048525807,0.000417812452354546,0.000446230378653289,0.0010355482597768,0.00132530629095816,0.00144205724480068,0.00322814780700276,1.07841594348455,1.90568675748208,0.30380021676053,2.89237424335517,1166.29019767078,5686.01362255457,13355705.6508293,0.0012282,NaN,0.0012282,0,0,0.283428789228699,-0.000171281280191167,NaN,0,0,47,0,0,11,0,0,1,0,0,0,1
scheduled_lqi_dob,wrench_target_noise_x1p5_s104,wrench_target_noise,1.5,104,simscape_validation,0.000929112514871587,0.00261246906222178,Inf,0.00035890124843183,0.000518728278580021,0.000365667442045717,0.00140948741184624,0.00199193875822715,0.00136242531775127,0.000409351244897058,0.000444083187839553,0.000980721518350856,0.00178706820723792,0.00145811521309008,0.00308020097234341,1.07841594348455,1.90569131092923,0.30380021676053,2.89257243873639,1165.98794154504,5686.12085719948,13395133.9312432,0.0012255,NaN,0.0012255,0,0,0.283462788288583,-0.000175170704958968,NaN,0,0,47,0,0,11,0,0,1,0,0,0,1
scheduled_lqi_dob,target_noise_x1p5_s105,target_noise,1.5,105,simscape_validation,0.000931967443222781,0.00193553835632765,Inf,0.000240102815965402,0.000420667478002843,0.000427479207163265,0.000572349299004862,0.000893884006609724,0.00126243930953979,0.000396022335009394,0.000463209120197685,0.00119727233104475,0.00128941603305109,0.00150707968142433,0.0033681480149152,1.07841594348455,1.90573551523719,0.304926051944532,2.03894836507489,1140.78684880278,6356.51612777713,13323651.1745034,0.0012521,NaN,0.0012521,0,0,0.285032742256068,-0.000217050297518835,NaN,0,0,60,0,0,13,0,0,1,0,0,0,1
scheduled_lqi_dob,wrench_target_noise_x1p5_s105,wrench_target_noise,1.5,105,simscape_validation,0.000957273110759068,0.00257903252416123,Inf,0.000333639156010322,0.000503405149770424,0.000344752440758961,0.00137225621320809,0.00186432320656699,0.00108965626939295,0.000427151175409414,0.00044741473989429,0.00116125141619262,0.00179389490655767,0.00148251145496764,0.0033681480149152,1.07841594348455,1.90573993057573,0.306394090141082,2.03896304097816,1140.49734865136,6356.61497009052,13362749.9548053,0.00117045,NaN,0.00117045,0,0,0.285054908005606,-0.000220746446519922,NaN,0,0,60,0,0,13,0,0,1,0,0,0,1
strict_qp,nominal,nominal,0,NaN,simscape_validation,0.00131743105559804,0.00240549432123627,0,0.000704902453979361,0.000639223421846824,0.000182419834953669,0.00110865205888395,0.00164302186236465,0.00108275960805537,0.000698128824266872,0.00119720311931876,0.00112549321874678,0.0022649226379572,0.00313259185814085,0.00198347428157331,1.07841594348455,1.90431675758844,0.278835705403313,0.212671690165235,1098.55865219265,493.351642252144,13304903.2187736,0.0078451,0.00386905,NaN,0,0,0.284341069391583,0.00050449338640191,1.59872115546023e-14,0,0,0,0,0,0,0,0,1,1,1,1,0
strict_qp,wrench_x0p5,wrench,0.5,NaN,simscape_validation,0.00353934132150567,0.00758848558167788,Inf,0.0026084112506146,0.00169095966080212,0.000518329671208791,0.00712194886237476,0.00338125312187665,0.00176786515895144,0.00153322358142917,0.00250885197412633,0.00131732960277562,0.00356048099820053,0.005570285151759,0.00331213506650974,1.07841594348455,1.90193704220864,0.284847838046054,0.228325542694918,1088.21906294294,902.087021132282,13154818.947224,0.00776565,0.0037438,NaN,0,0,0.285797099392659,0.000668640028207772,-9.76996261670138e-14,0,0,0,0,0,0,0,0,1,1,1,0,1
strict_qp,smooth_target_x0p5,smooth_target,0.5,NaN,simscape_validation,0.00135105511895064,0.00247881515404854,Inf,0.000717565816459899,0.000657322400979228,0.000183789392450395,0.00116812111921798,0.00170273428258993,0.00109493587362897,0.000729160155608097,0.00123217986135918,0.00115258408468658,0.00239051668185999,0.00320749340153115,0.00203039282029682,1.07841594348455,1.90428685536315,0.278835705403313,0.387375912790437,1099.62113642599,2901.72689266138,13298181.3436257,0.00718385,0.0035714,NaN,0,0,0.284972838760283,0.000505216998863638,-6.76791955811495e-13,0,0,0,0,0,0,0,0,1,1,1,0,1
strict_qp,wrench_smooth_target_x0p5,wrench_smooth_target,0.5,NaN,simscape_validation,0.00355161765829246,0.00758848558167788,Inf,0.002605427636959,0.00170901587453377,0.000516785995981928,0.00712194886237476,0.00342293404920235,0.00177342242043887,0.00155886161992216,0.00254248660266633,0.00128741582328725,0.0036606557800371,0.00561322843003886,0.00327193200525644,1.07841594348455,1.90192827865998,0.284847838046054,0.389027047177432,1094.27157759283,2903.02997427031,13149141.5214647,0.0074878,0.00354615,NaN,0,0,0.286418493899453,0.00066876291504249,-2.89546164822241e-13,0,0,0,0,0,0,0,0,1,1,1,0,1
strict_qp,target_noise_x0p5_s101,target_noise,0.5,101,simscape_validation,0.00142394597279206,0.00260349503011339,Inf,0.000738440066742169,0.000675336283059014,0.000181343712111009,0.00133453996978816,0.00179882694870021,0.00113675840717242,0.000746655956623402,0.00128662575520465,0.00132685873587674,0.00248154654657283,0.00338000845292608,0.00327643111555065,1.07841594348455,1.90415270262535,0.286739870854424,0.847098879612798,1111.93891467233,3436.50460641064,13308639.8396471,0.0074503,0.003546,NaN,0,0,0.284446921165972,0.000514749015603115,-3.90798504668055e-13,0,0,0,0,0,0,0,0,1,1,1,0,1
strict_qp,wrench_target_noise_x0p5_s101,wrench_target_noise,0.5,101,simscape_validation,0.00360277517015819,0.00764433180774902,Inf,0.00263678749727187,0.00172691899870697,0.000511028819716166,0.00713401695685442,0.00348665026071088,0.00179922846733183,0.00163633949227559,0.00259619220119675,0.00131070319810341,0.00386322886376736,0.00572018230734861,0.00338318356722944,1.07841594348455,1.90185776148307,0.286739870854424,0.840098311468731,1101.88190081573,3427.98435361,13163595.1201114,0.00748495,0.00363625,NaN,0,0,0.285833544523641,0.000674817234002871,-8.88178419700125e-15,0,0,0,0,0,0,0,0,1,1,1,0,1
strict_qp,target_noise_x0p5_s102,target_noise,0.5,102,simscape_validation,0.0013278786104161,0.00237883012215909,Inf,0.000748435079700315,0.000594731446140825,0.000167777833838026,0.00131782628015523,0.00160201552898953,0.00107925177135226,0.000704408416125602,0.00119805462824348,0.00116339178899869,0.00219712370998264,0.00311007441576988,0.00250348302147441,1.07841594348455,1.90435617545473,0.283746849313959,0.568656017074097,1116.70629187859,2947.34437463385,13309395.3625945,0.00755015,0.0034872,NaN,0,0,0.284112167230229,0.000502199911409988,-3.5527136788005e-13,0,0,0,0,0,0,0,0,1,1,1,0,1
strict_qp,wrench_target_noise_x0p5_s102,wrench_target_noise,0.5,102,simscape_validation,0.00354374274386428,0.0075881994736894,Inf,0.00263320726852751,0.001663598027995,0.000513395165675756,0.00712386581255862,0.00330977521511583,0.00175456739277946,0.00149765090222472,0.00255801475226479,0.00125952323732725,0.00345094451708838,0.005498939023028,0.00319320406287016,1.07841594348455,1.90200757688712,0.284924026258959,0.56814542660919,1106.28549293893,2952.06997751305,13161237.2768426,0.00744205,0.0035604,NaN,0,0,0.285540053449357,0.000663264113788369,-9.2548191332753e-13,0,0,0,0,0,0,0,0,1,1,1,0,1
strict_qp,target_noise_x0p5_s103,target_noise,0.5,103,simscape_validation,0.00136175253956894,0.00240675212135688,Inf,0.000741316844441099,0.000582147161680589,0.000147594309429956,0.00133089252039871,0.00160943130889712,0.000994677275294231,0.000777661994581821,0.00110991107721725,0.0013928025313803,0.00254275419577671,0.00296272233862244,0.00301833572051369,1.07841594348455,1.90463251053852,0.284475558933694,0.588338005826915,1119.43309420715,3240.55130783831,13326695.4693637,0.00691565,0.0033155,NaN,0,0,0.284229749324461,0.000480183875171685,-3.35731442646647e-13,0,0,0,0,0,0,0,0,1,1,1,0,1
strict_qp,wrench_target_noise_x0p5_s103,wrench_target_noise,0.5,103,simscape_validation,0.00347154238561384,0.0076591806467971,Inf,0.00263225227688136,0.00161144983626787,0.000489818448443774,0.00716990056663931,0.00322249107837991,0.00166283920138732,0.00151883294696779,0.00244434289950251,0.000928967956254486,0.00358848094267622,0.00526726798543475,0.00249448375857053,1.07841594348455,1.90232398959767,0.289297365731156,0.656697678099696,1109.05191289483,3255.89085823582,13180220.2550827,0.0070122,0.0033605,NaN,2,2,0.285665279494325,0.000638117169816548,-228.281479648612,0,0,0,0,0,0,0,0,1,1,0,0,1
strict_qp,target_noise_x0p5_s104,target_noise,0.5,104,simscape_validation,0.00137174918884161,0.00245990656029326,Inf,0.000761521829036456,0.000624842405438054,0.000163846861336051,0.00131048830690533,0.00164995117290179,0.00106187807647018,0.000766413846098416,0.00119608006115598,0.0012328943042106,0.00239383617789957,0.0031258461963079,0.00275685614001364,1.07841594348455,1.90442733989493,0.282958220338214,0.673765954985319,1130.15723526577,2734.92744982197,13315251.6026243,0.0071218,0.00337175,NaN,0,0,0.28406936110382,0.000494721878767539,-1.06581410364015e-13,0,0,0,0,0,0,0,0,1,1,1,0,1
strict_qp,wrench_target_noise_x0p5_s104,wrench_target_noise,0.5,104,simscape_validation,0.00353529667861503,0.00763845666017829,Inf,0.00259458931263156,0.0016980759585043,0.000507178350718875,0.00719220913722189,0.00341048524091114,0.00174921069946921,0.00153795961260103,0.00259662483653306,0.00118117227599241,0.00371507548130796,0.00557772687705221,0.00299683630030623,1.07841594348455,1.90203394222217,0.287066550201631,0.671281589093979,1119.78425279374,2722.56035587476,13164556.6858387,0.00713075,0.00334645,NaN,1,1,0.285502810816376,0.000659843247530993,-160.28293580298,0,0,0,0,0,0,0,0,1,1,0,0,1
strict_qp,target_noise_x0p5_s105,target_noise,0.5,105,simscape_validation,0.00131865893679556,0.00243810749681328,Inf,0.00075128681381613,0.000610627556440025,0.0001960257669239,0.00137592590080139,0.0016466767126892,0.00115157510879205,0.000612442037277529,0.00131511087770506,0.000973626075193309,0.00197855735744729,0.00328837371228163,0.00213630435356849,1.07841594348455,1.90413071131762,0.286511708183956,0.551858576699832,1124.03490796029,3069.06917925453,13291759.1039287,0.0069489,0.0033284,NaN,0,0,0.284811483309381,0.000518698168643921,-6.69686528453894e-13,0,0,0,0,0,0,0,0,1,1,1,0,1
strict_qp,wrench_target_noise_x0p5_s105,wrench_target_noise,0.5,105,simscape_validation,0.0036094376282058,0.00748931841861919,Inf,0.00262791611907086,0.00170991682769888,0.000542342497997631,0.00706555689046001,0.00336670790906074,0.0018281447928814,0.00138476892816583,0.0026738951468522,0.00159664756293931,0.00337487197377016,0.00569298343173108,0.0036847935477986,1.07841594348455,1.90178088794882,0.286511708183956,0.548543309113265,1113.93264969895,3070.48769106603,13143430.4375738,0.00701565,0.00349805,NaN,0,0,0.286267330474515,0.000681826528066258,-5.08748598804232e-12,0,0,0,0,0,0,0,0,1,1,1,0,1
strict_qp,wrench_x1p0,wrench,1,NaN,simscape_validation,0.0116816355429907,0.0398888105354568,Inf,0.00783964594351396,0.00184428483703511,0.00527820346166775,0.027443515789827,0.00727060857407497,0.0241432420193828,0.0128549894184758,0.0016565461433035,0.00263895250296457,0.0452988563547504,0.00502999670659976,0.00620712435250159,1.07841594348455,1.90629866247268,0.365697156213384,1.22488480266858,1121.66169750319,6721.97631635178,13501727.4683753,0.0071251,0.00349235,NaN,0,0,0.282962618958658,-4.59718842603374e-06,-1.87043269761489e-10,0,0,19,0,0,3,0,0,1,0,0,1,0
strict_qp,smooth_target_x1p0,smooth_target,1,NaN,simscape_validation,0.00137885204885061,0.00253265129006776,Inf,0.0007318259222556,0.000670274998927897,0.000184694037210457,0.00126521350186266,0.0017469932993287,0.00110395932441065,0.000754971111284567,0.00125324013360256,0.00117836374304163,0.00248633991122404,0.00325667051095985,0.00212405648172342,1.07841594348455,1.90426465177639,0.278835705403313,0.718092464525555,1132.73705790153,5864.50805035231,13292684.186857,0.00692645,0.00340085,NaN,0,0,0.285584634193021,0.000505732641971637,-1.65201186064223e-13,0,0,0,0,0,0,0,0,1,1,1,1,0
strict_qp,wrench_smooth_target_x1p0,wrench_smooth_target,1,NaN,simscape_validation,0.0116362938140123,0.0398888105354568,Inf,0.00782428312322576,0.00181899008593184,0.00524891949930603,0.027443515789827,0.00727060857407497,0.0241432420193828,0.012796580690094,0.0016131706820287,0.00263465158140576,0.0452988563547504,0.00502999670659976,0.00620712435250159,1.07841594348455,1.90621942609581,0.365697156213384,1.22488480266858,1134.79988907656,6721.97631635178,13484160.7174186,0.00712985,0.0035094,NaN,0,0,0.284288194062497,-4.12518206599445e-05,-1.87043269761489e-10,0,0,19,0,0,6,0,0,1,0,0,1,0
strict_qp,target_noise_x1p0_s101,target_noise,1,101,simscape_validation,0.00151639036525008,0.00261908385920708,Inf,0.000829354810677308,0.000651863198223188,0.000200425411118697,0.00171705254218112,0.00166325389256289,0.00111045214787686,0.000899752459941319,0.00119292140907188,0.00153409304654142,0.00230249333195902,0.00320927178361607,0.00454251470179801,1.07841594348455,1.90426647941833,0.295262982575372,1.16972807655208,1137.46429991126,6577.55222407194,13336935.9764801,0.0071863,0.0034107,NaN,2,2,0.284133221291761,0.000506168803220968,-121.218217054682,0,0,0,0,0,0,0,0,1,1,0,1,0
strict_qp,wrench_target_noise_x1p0_s101,wrench_target_noise,1,101,simscape_validation,7.33093886695644,23.9206143745668,Inf,5.84988415424459,3.06822689463088,2.97377585999898,18.3701211676896,9.62037639768552,11.8015929740497,1.54371533368623,0.723599342054101,1.46628462544187,3.21199366270276,1.89894551093308,3.9206897049731,1.07841594348455,23.6956837676827,26.716580409701,126.704080544575,1180.86754661726,7999.99999999991,13195059.0907694,0.00737725,0.0034873,NaN,336,336,1.95610498950326e-05,-0.493094327413708,-2054.60770545487,1467,269,358,0,0,342,1394,0,1,0,0,1,0
strict_qp,target_noise_x1p0_s102,target_noise,1,102,simscape_validation,0.00133929854188509,0.00229464657056014,Inf,0.000781177924012044,0.000561039350359427,0.000173380827209678,0.00152133979803866,0.0015046569625628,0.00107598831210431,0.000732926927267239,0.00119427926276671,0.0011794648988234,0.00204430151031239,0.00305916718305937,0.00312009664695134,1.07841594348455,1.90438345092518,0.288561717206836,0.926197006584507,1134.23231340061,5858.7945776364,13318145.4167973,0.00729095,0.0035052,NaN,1,1,0.283872977737668,0.000498353390567932,-9.78537743695046,0,0,0,0,0,0,0,0,1,1,0,1,0
strict_qp,wrench_target_noise_x1p0_s102,wrench_target_noise,1,102,simscape_validation,0.0107012822347446,0.0357516026344098,Inf,0.00755490464278764,0.00151878756702141,0.00433961110452866,0.0262973411638354,0.00529851303777479,0.0199937759822175,0.0118448874270698,0.000836573320237769,0.00205096447920231,0.0396997731116719,0.00362310556722431,0.00539145281271136,1.07841594348455,1.90582137398333,0.351427154171235,1.21618556151615,1137.48539092154,8000.00000000017,13457923.9104323,0.0087008,0.00399765,NaN,0,0,0.283206845342617,4.12196880063042e-05,-3.83004561399503e-09,0,0,10,0,0,0,0,0,1,0,0,1,0
strict_qp,target_noise_x1p0_s103,target_noise,1,103,simscape_validation,0.00141382431550436,0.00251256020822759,Inf,0.0007625839833103,0.000532468907726647,0.000153709138474865,0.00159126410651667,0.00151152513137037,0.000904110672258929,0.000819106269622269,0.00100161468787592,0.00166333816235648,0.00255951389017649,0.00271195129169621,0.00429030589582591,1.07841594348455,1.90492901293197,0.291546990838853,1.04095623243982,1140.32514446883,6076.42778186694,13354746.2159683,0.00882275,0.0039987,NaN,1,1,0.284114942003274,0.000457145812128639,-2.64507810239734,0,0,0,0,0,0,0,0,1,1,0,1,0
strict_qp,wrench_target_noise_x1p0_s103,wrench_target_noise,1,103,simscape_validation,0.00972394618749115,0.0289953847174904,Inf,0.00695061328859665,0.0020064200200342,0.00280507046881556,0.0232419938222043,0.00548897383893751,0.0147561329089287,0.0108724729675433,0.00198995645647099,0.00390246791435346,0.0279823649064848,0.00397160932312374,0.00829807350346246,1.07841594348455,1.90720661691133,0.337244067025255,1.22651301789178,1156.52304482124,6849.86932644588,13597225.2498694,0.00710325,0.00343755,NaN,1,1,0.282234174195086,0.000532375910635823,-44.5024327560489,0,0,11,0,0,0,0,0,1,0,0,1,0
strict_qp,target_noise_x1p0_s104,target_noise,1,104,simscape_validation,0.00141303417749905,0.00244149454781112,Inf,0.000797583265189342,0.000614379027860329,0.000161776985915655,0.00151975660768382,0.00159212142276122,0.00102597558387663,0.000864992530073918,0.00113519060962772,0.00133817142325803,0.00236746174904345,0.00301827461163934,0.0035126554124022,1.07841594348455,1.9045704288719,0.288286582379904,1.11284152750285,1165.34460253059,5357.85687480392,13331691.2439459,0.00663145,0.00338955,NaN,0,0,0.283612613285248,0.000483309389209046,-2.66453525910038e-15,0,0,0,0,0,0,0,0,1,1,1,0,1
strict_qp,wrench_target_noise_x1p0_s104,wrench_target_noise,1,104,simscape_validation,7.39838940869761,24.699355205426,Inf,5.77225081507995,3.31859489188553,3.02306919561391,18.4631290044091,10.636492110364,12.3812860011566,1.52819156808911,0.730950750358513,1.48034095472938,3.22312215941367,1.88079132178566,3.91080977141535,1.07841594348455,24.6188917384552,26.6210896252098,127.996550869997,1187.41265540777,7999.99999999998,13216966.6428187,0.00575945,0.00266,NaN,327,327,2.20149219100063e-06,-0.504942315954749,-579.768490386174,1449,270,347,0,0,338,1359,0,1,0,0,0,1
strict_qp,target_noise_x1p0_s105,target_noise,1,105,simscape_validation,0.00137452911469266,0.00253778088505916,Inf,0.000761234053166094,0.000623081875103227,0.000238590064978235,0.00163119357381171,0.00167720403129118,0.00123880818008137,0.000547872155005144,0.00148620072343902,0.000974592507881048,0.00163467506051279,0.00348386415713325,0.00257459285418327,1.07841594348455,1.90384931946503,0.294710922693975,0.989126768248041,1150.75282312041,5774.47691046011,13277471.5695557,0.00630515,0.00303445,NaN,0,0,0.285327062416797,0.000539489276753073,-3.5527136788005e-15,0,0,0,0,0,0,0,0,1,1,1,0,1
strict_qp,wrench_target_noise_x1p0_s105,wrench_target_noise,1,105,simscape_validation,6.24463500555199,19.4019169205399,Inf,2.78032313999895,3.58054437143066,4.10518818278314,8.23767183969218,10.692565566886,13.8285638984564,1.50176001041405,0.580855743407487,1.94343247582576,3.21793809044763,1.49051799920693,3.73117713983579,0.788417503978435,18.6257995169858,28.9882165669209,126.69895507656,1059.79890670349,8000.00000000017,12060034.8137039,0.00643895,0.00306025,NaN,249,249,0.000150485947590599,-0.409381740465645,-494.818892565697,1093,226,274,0,0,297,1100,0,1,0,0,0,1
strict_qp,wrench_x1p5,wrench,1.5,NaN,simscape_validation,22.3491785124287,63.0673499797399,Inf,15.5568426845401,5.17835625901034,15.1362115966097,40.7829607541492,13.4858167358439,46.1676372397464,1.56548366720924,0.671450467887315,1.81632003294702,3.22416879049012,1.90174389097842,3.9217040582572,1.01143127788473,62.4523220396984,50.1717580851331,195.947934411196,1187.56621333156,7999.99999998284,12702739.5694098,0.0066511,0.00316595,NaN,368,368,4.85570479467255e-06,-0.19665192319255,-1529.60266620676,1989,333,390,0,0,108,1991,0,1,0,0,0,1
strict_qp,smooth_target_x1p5,smooth_target,1.5,NaN,simscape_validation,0.00141278427104521,0.00260171735910675,Inf,0.000747459577564237,0.000686096391618815,0.000187719305064069,0.00136017294951242,0.00180128972911225,0.00111825608206217,0.000790316865999539,0.00128270639378895,0.00120633771390359,0.00260838942571794,0.00332398172079024,0.00221989622354168,1.07841594348455,1.90423191503579,0.278835705403313,1.10051949524287,1167.23946574832,8000.00000000017,13288034.6916124,0.00602635,0.0028215,NaN,0,0,0.286043452314375,0.000507467178231594,-9.05941988094128e-14,0,0,0,0,0,0,0,0,1,1,1,0,1
strict_qp,wrench_smooth_target_x1p5,wrench_smooth_target,1.5,NaN,simscape_validation,21.9654808870224,63.2646940497866,Inf,15.3185493802313,5.10562827580349,14.838039094571,40.9741600826738,13.5872135912753,46.2190437950321,1.52936794006918,0.676304260284336,1.88728671241156,3.23512477996658,1.91081506282961,3.9238232398708,1.01405658260967,63.0045581013491,49.2601583503582,188.802928344122,1177.98593818979,7999.99999998284,12937727.2718893,0.00586185,0.00290175,NaN,368,368,6.98932678564483e-06,-0.19665192319255,-1381.80707861323,1969,333,390,0,0,108,1971,0,1,0,0,0,1
strict_qp,target_noise_x1p5_s101,target_noise,1.5,101,simscape_validation,0.00201658012636358,0.00390498751517909,Inf,0.00109003022842342,0.000745009395834908,0.000233316733594404,0.00248289795225631,0.00165517542025989,0.000914230139978045,0.00181418369328513,0.000802326310842692,0.00226733880449945,0.00452599494800249,0.00237796092584003,0.00630142362029629,1.07841594348455,1.90502539742457,0.301312233630468,1.222212726178,1168.83383470925,8000.00000000017,13421524.266729,0.006903,0.0032254,NaN,1,1,0.283191324091043,0.000457319332680344,-3.40232617925039,0,0,1,0,0,0,0,0,1,0,0,0,1
strict_qp,wrench_target_noise_x1p5_s101,wrench_target_noise,1.5,101,simscape_validation,24.7146942209605,65.9362889254832,Inf,16.7642767315175,4.97301907584049,17.4238493022105,41.8563277118428,12.3815479486177,49.4167922825549,1.57948538127941,0.782003741424194,1.64574225144283,3.22770404278555,1.86303536327789,3.91770451627993,0.942369754146589,65.4676161814652,53.5745401263345,200.553991523805,1189.80855176036,8000.00000000001,12658476.0453302,0.00624615,0.00297435,NaN,369,369,7.11650612222336e-06,-0.169366771008174,-1504.84482101528,2203,333,380,0,0,108,2198,0,1,0,0,0,1
strict_qp,target_noise_x1p5_s102,target_noise,1.5,102,simscape_validation,0.00144274275215894,0.00245984770221962,Inf,0.000887889800548896,0.000469203920085796,0.000180272385766433,0.00178993831733551,0.00106747589303058,0.000997363385752958,0.00110361185700826,0.00106100938105666,0.00134845524937199,0.00298318132683387,0.00266369849847614,0.0039362272825807,1.07841594348455,1.90474737554128,0.293141057924939,1.17198150816858,1152.00152044643,8000.00000000017,13350182.2635814,0.00871375,0.0039642,NaN,0,0,0.283554043213969,0.000475410300693549,-7.53175299905706e-13,0,0,0,0,0,0,0,0,1,1,1,0,1
strict_qp,wrench_target_noise_x1p5_s102,wrench_target_noise,1.5,102,simscape_validation,24.5339639181586,65.909363654396,Inf,19.230735914408,1.296470059871,15.1396907291912,48.4069862269862,3.20165772168734,44.594269793575,1.63786353313264,0.800467450553569,1.22028761030948,3.22983856850011,1.80902080726535,2.76055916231673,1.07841594348455,65.5339652458691,52.8477229749076,216.845731234429,1176.04788456737,7999.99999999982,12628257.8249031,0.00725355,0.00313945,NaN,417,417,5.27987403522016e-06,-0.22433030304535,-1579.95495026254,2173,352,404,0,0,263,2147,0,1,0,0,0,1
strict_qp,target_noise_x1p5_s103,target_noise,1.5,103,simscape_validation,0.00193034524636225,0.00382173959831597,Inf,0.000978606534433178,0.000619755156311693,0.000182597634376136,0.0021206597050334,0.00137448865384793,0.000558553972549225,0.00151882364656066,0.00057586643474932,0.00260116267546467,0.00364455410172364,0.00160319894600847,0.00682378194641242,1.07841594348455,1.90605498755173,0.301176557292226,1.15802026490141,1171.27832378963,7999.99999999999,13442166.5791558,0.00800875,0.00376675,NaN,1,1,0.28355830234773,0.000144609462443439,-10.0183689677366,0,0,0,0,0,0,0,0,1,1,0,0,1
strict_qp,wrench_target_noise_x1p5_s103,wrench_target_noise,1.5,103,simscape_validation,27.9569944064244,72.0498989445464,Inf,21.3135717999014,1.88473419098766,17.9608766163732,51.4750389824026,4.49482839051503,50.2111063135611,1.66247036205466,0.768968326909567,1.16807803490054,3.22375686780545,1.72530730384285,2.70562909126992,1.07841594348455,71.4829154443965,56.419842297747,222.769474849658,1183.06099914109,8000.00000000016,12648693.9848969,0.00632295,0.0029628,NaN,419,419,3.49298671185574e-06,-0.128914727281759,-1624.5157976512,2344,358,419,0,0,213,2326,0,1,0,0,0,1
strict_qp,target_noise_x1p5_s104,target_noise,1.5,104,simscape_validation,0.00157727133898055,0.00309875454479441,Inf,0.000897570371685825,0.00062206471004889,0.000166907542760616,0.00179999126831749,0.00134566488927501,0.000925149740330866,0.00124311814099677,0.000948972640596847,0.00161969963518365,0.00361361098781311,0.00261810845255955,0.00437577474795647,1.07841594348455,1.90496703120092,0.29355996225987,1.19887469589225,1199.72817531854,7825.84188380145,13369613.7151358,0.00658795,0.0032501,NaN,0,0,0.282954366442107,0.000458798915607864,-4.9569237603464e-12,0,0,0,0,0,0,0,0,1,1,1,0,1
strict_qp,wrench_target_noise_x1p5_s104,wrench_target_noise,1.5,104,simscape_validation,20.7568335700924,62.5258011645164,Inf,14.4380453641131,4.97744562234614,14.0081145728592,40.5060097106816,13.9275564916376,45.5225090280423,1.5104224330564,0.651048756840822,1.68574850799182,3.22768797665177,1.88142878833288,3.91893863415714,1.01302097568517,62.2359177482794,47.2144103665119,195.15101203705,1187.56615292392,7999.99999999982,12834454.4844789,0.0061712,0.0028645,NaN,368,368,0.000130361257658938,-0.219500779201041,-1404.78938213992,1906,332,396,0,0,142,1908,0,1,0,0,0,1
strict_qp,target_noise_x1p5_s105,target_noise,1.5,105,simscape_validation,0.00155063366085603,0.0027874752203941,Inf,0.000762441622842192,0.00068513520157666,0.000313229902975273,0.0018550541922458,0.00174363133543826,0.00136078125239592,0.00053317214692714,0.00175761298741714,0.00128414223111161,0.00181698400642706,0.00380895739939596,0.00307299068178335,1.07841594348455,1.90347765303906,0.302517994835338,1.14153768289266,1176.08695924374,7460.51187303112,13265112.5560159,0.0062311,0.0030844,NaN,0,0,0.285734994344984,0.000566912871292517,-5.57953683255619e-12,0,0,0,0,0,0,0,0,1,1,1,0,1
strict_qp,wrench_target_noise_x1p5_s105,wrench_target_noise,1.5,105,simscape_validation,21.4513489359123,59.2375754763642,Inf,17.1290613832793,2.14929633986094,12.6770339676808,44.4079691834661,5.45880999058629,38.800828227778,1.54620545709742,0.858634094228987,1.60867817540693,3.23029161304202,1.77493834265697,3.91973969269663,1.07841594348455,58.9003550870567,48.8682296909445,222.214426774779,1172.19260567767,8000.00000000016,12731094.1594428,0.0061877,0.00286545,NaN,418,418,1.54069787172886e-06,-0.261527217191838,-1438.81879177284,2105,347,398,0,0,245,2062,0,1,0,0,0,1
scheduled_lqi_dob_strict_qp,nominal,nominal,0,NaN,simscape_validation,0.00076340460891849,0.00131950903203938,0,0.00023593868146705,0.000410277400497677,0.000378245680124036,0.00037438083190279,0.000702391000831637,0.000726480829807974,0.000342547744229179,0.000232376575109575,0.000831595426105548,0.00062052047263636,0.000396256976269049,0.0014528590745998,1.07841594348455,1.90558615876292,0.278657582062003,0.333276484609828,1099.39255872153,1221.95198006741,13335650.1854964,0.0080347,0.0032992,0.0080347,0,0,0.284232650734556,-1.80717292416156e-05,-1.06581410364015e-14,0,0,0,0,0,5,0,0,1,0,0,1,0
scheduled_lqi_dob_strict_qp,wrench_x0p5,wrench,0.5,NaN,simscape_validation,0.000774563819697793,0.00135995214221957,Inf,0.00025474428360931,0.000420022320497013,0.000379332498592119,0.000445789807638458,0.00107034747768417,0.000734827604997434,0.000337964991002326,0.000234080195213471,0.000830636137705998,0.000661086909130755,0.000413135922901875,0.00143754574592381,1.07841594348455,1.9055854778686,0.27871953743892,0.333239493263176,1099.37077883008,1221.49181428571,13343508.0862771,0.0080464,0.00323745,0.0080464,0,0,0.284233779871408,-1.7682648714476e-05,-1.59872115546023e-14,0,0,0,0,0,5,0,0,1,0,0,0,1
scheduled_lqi_dob_strict_qp,smooth_target_x0p5,smooth_target,0.5,NaN,simscape_validation,0.000763931724981131,0.00131950903203938,Inf,0.000234864030223229,0.00040924471526355,0.000380772726362318,0.00037438083190279,0.000702391000831637,0.000726480829807974,0.000338808632505676,0.000230619754836714,0.000834187680158568,0.00062052047263636,0.000396256976269049,0.0014528590745998,1.07841594348455,1.90547065522239,0.278657582062003,0.404478135246892,1099.01640887392,4612.51427758864,13329890.561151,0.0086431,0.00339015,0.0086431,0,0,0.284858915617931,8.43347804196969e-05,-1.77635683940025e-15,0,0,0,0,0,0,0,0,1,1,1,0,1
scheduled_lqi_dob_strict_qp,wrench_smooth_target_x0p5,wrench_smooth_target,0.5,NaN,simscape_validation,0.000774513777647554,0.00135995214221957,Inf,0.000253689444742973,0.000418771126728449,0.000380900144095775,0.000445789807638458,0.00107034747768417,0.000734827604997434,0.000333793233282771,0.000232369674810896,0.000833560277242187,0.000661086909130755,0.000413135922901875,0.00143754574592381,1.07841594348455,1.9055856795111,0.27871953743892,0.40447257059593,1098.98920446266,2756.32257269819,13337789.4650684,0.0074708,0.00307785,0.0074708,1,1,0.284860055563984,-9.526086189089e-06,-3.97515300887321,0,0,0,0,0,3,0,0,1,0,0,0,1
scheduled_lqi_dob_strict_qp,target_noise_x0p5_s101,target_noise,0.5,101,simscape_validation,0.000817425502824685,0.00154848837192721,Inf,0.000244977811983243,0.000414097180192469,0.000418321232973537,0.000441708482766631,0.000767840398285036,0.00106017137411873,0.000360550311246583,0.000265539925687555,0.000919943913367979,0.00076380831228294,0.000636633220725047,0.00214287569122651,1.07841594348455,1.90557450074399,0.289364197784769,0.847294731044893,1108.31659643395,2725.04478578201,13336370.2279814,0.00775345,0.0029722,0.00775345,3,3,0.284375472624437,-5.30388093781115e-05,-16.3921597999628,0,0,0,0,0,7,0,0,1,0,0,0,1
scheduled_lqi_dob_strict_qp,wrench_target_noise_x0p5_s101,wrench_target_noise,0.5,101,simscape_validation,0.000828925185594982,0.0015453170075302,Inf,0.000259796885489228,0.000428065701572146,0.000418928543420275,0.00046662086962955,0.00111910836882281,0.00106569806051238,0.000356125242876738,0.000271342815075826,0.000918189837173691,0.000885039987776233,0.000666467654086345,0.00213177110944318,1.07841594348455,1.90557400111112,0.289364197784769,0.847292181131279,1108.29997960206,2658.21933211507,13344379.9676364,0.00850865,0.0033188,0.00850865,4,4,0.284375606514654,-5.25944283976633e-05,-399.144907052645,0,0,0,0,0,7,0,0,1,0,0,0,1
scheduled_lqi_dob_strict_qp,target_noise_x0p5_s102,target_noise,0.5,102,simscape_validation,0.000768149799271156,0.00136572382165128,Inf,0.000230446066924668,0.000411257633118728,0.000369740155084735,0.000405760284879722,0.00078059037619671,0.000843487563459311,0.000347532376972109,0.000249537201167736,0.00086103707080738,0.000720773432930769,0.000650584341699734,0.0018741727798775,1.07841594348455,1.90559298462872,0.286183368852088,0.64898987953038,1113.55015840439,2706.41462630134,13336109.1669342,0.00860295,0.00344925,0.00860295,0,0,0.284066944577806,-1.43496050463111e-05,1.95399252334028e-14,0,0,0,0,0,4,0,0,1,0,0,0,1
scheduled_lqi_dob_strict_qp,wrench_target_noise_x0p5_s102,wrench_target_noise,0.5,102,simscape_validation,0.000779755478235386,0.00149501766771696,Inf,0.00024713594538055,0.000418950916967019,0.000370313761736637,0.000462278526330073,0.00108327112212092,0.000848976825884584,0.000365651209770518,0.000252223179060285,0.00086014171521775,0.000917073021676727,0.000672755347694232,0.00192146451017511,1.07841594348455,1.90559254578814,0.286183368852088,0.648984883245883,1113.53926955577,2706.42607734267,13344140.2639659,0.0085202,0.0033793,0.0085202,0,0,0.28406659708277,-1.3575711835241e-05,8.88178419700125e-16,0,0,0,0,0,4,0,0,1,0,0,0,1
scheduled_lqi_dob_strict_qp,target_noise_x0p5_s103,target_noise,0.5,103,simscape_validation,0.000769681506811086,0.00145653900079493,Inf,0.000229617581619526,0.00041220678559807,0.000387681882327852,0.000427276499969695,0.000753758597891341,0.00089091799979113,0.000342843698310055,0.000255415307252381,0.000833736210074596,0.000775246970817323,0.000700412185709987,0.00192204324081802,1.07841594348455,1.90554213209569,0.285839519763475,0.707294843247401,1112.13698921871,2935.01900088315,13347788.2644924,0.00915645,0.0035278,0.00915645,0,0,0.284199387828459,3.05322997007796e-06,-8.5265128291212e-14,0,0,0,0,0,0,0,0,1,1,1,0,1
scheduled_lqi_dob_strict_qp,wrench_target_noise_x0p5_s103,wrench_target_noise,0.5,103,simscape_validation,0.000782489657983219,0.00144951631225576,Inf,0.000248433057262108,0.000421934001953447,0.000389617631879759,0.000471780380308082,0.00105252361715744,0.000900262957283848,0.000353737135326359,0.000257473856755256,0.000831589304593852,0.000822589683465477,0.000714854145522748,0.00190327068576857,1.07841594348455,1.90555293818994,0.285839519763475,0.707326828567349,1112.12135022015,2935.10820197348,13355839.670703,0.0107949,0.0041749,0.0107949,0,0,0.284199792942356,4.4543690779263e-06,-1.17239551400417e-13,0,0,0,0,0,0,0,0,1,1,0,0,1
scheduled_lqi_dob_strict_qp,target_noise_x0p5_s104,target_noise,0.5,104,simscape_validation,0.000770228280547819,0.00157979364709612,Inf,0.000239467876427195,0.000411519557626321,0.00037769472990123,0.000454361628346847,0.000788411209182716,0.000994376350950121,0.000345489554344031,0.000280250190586693,0.00083529464176372,0.000830346656705214,0.000726685760556955,0.00201417279885052,1.07841594348455,1.90554697303549,0.287053832289274,0.997801490031485,1118.59508360471,2038.73931027624,13337801.8862461,0.0101493,0.00414455,0.0101493,2,2,0.284134041906608,-3.54112224576052e-06,-2.83597122120443,0,0,0,0,0,3,0,0,1,0,0,0,1
scheduled_lqi_dob_strict_qp,wrench_target_noise_x0p5_s104,wrench_target_noise,0.5,104,simscape_validation,0.000783539572523291,0.00158255841963977,Inf,0.000258312899318827,0.000421504619636093,0.000379139418421284,0.00050112891744028,0.00108647899965839,0.00100345389514289,0.00035867112953953,0.00028439375820459,0.000832861735373556,0.000843078495604388,0.000755226790039698,0.00200373595692183,1.07841594348455,1.90555573658945,0.287053832289274,0.997797609619382,1118.58241203059,2038.73931027624,13346138.0636499,0.00969705,0.00378095,0.00969705,0,0,0.284133845578226,1.15741942811097e-05,-8.88178419700125e-16,0,0,0,0,0,0,0,0,1,1,1,0,1
scheduled_lqi_dob_strict_qp,target_noise_x0p5_s105,target_noise,0.5,105,simscape_validation,0.000772873311418688,0.00147073107561943,Inf,0.000230254189870819,0.00041190417375161,0.000365658982716094,0.000436386450311521,0.000750963150949524,0.000901964388941301,0.00032999197455355,0.000259684978088924,0.000887382388323223,0.000829902508521649,0.000728671608672404,0.00182241879009093,1.07841594348455,1.90559074893064,0.286860730121607,0.694506821366512,1111.79557366868,2145.14417913029,13327482.1804139,0.009212,0.0036208,0.009212,0,0,0.284638012228678,-1.51573325416444e-05,7.105427357601e-15,0,0,0,0,0,4,0,0,1,0,0,0,1
scheduled_lqi_dob_strict_qp,wrench_target_noise_x0p5_s105,wrench_target_noise,0.5,105,simscape_validation,0.000782355553406825,0.00147304134935344,Inf,0.000248404330491154,0.000419178438318601,0.000366228679257268,0.000494174176656731,0.00105679085571048,0.000909503493184249,0.000335473810259945,0.000259299005685486,0.000884526605474468,0.0008188172390068,0.000738118876410565,0.00180680015766566,1.07841594348455,1.90559015561491,0.28735154867584,0.694507540023313,1111.77844289287,2187.00601174925,13335420.823526,0.00650115,0.00264315,0.00650115,0,0,0.284638455861966,-1.46062152009919e-05,-3.64153152077051e-13,0,0,0,0,0,4,0,0,1,0,0,0,1
scheduled_lqi_dob_strict_qp,wrench_x1p0,wrench,1,NaN,simscape_validation,0.00296080479653459,0.00987461653721721,Inf,0.000277858271300072,0.000719379703923986,0.000330251476631508,0.00126255239871172,0.00248710245804906,0.00071441039910819,0.00560189582544476,0.00050957124260134,0.00078067075111569,0.0190516073606859,0.00113936184976093,0.00139951728866416,1.07841594348455,1.90558423911958,0.280510341120543,1.07259906917289,1101.37793721025,1549.29351158028,13400242.0956422,0.0063238,0.00260135,0.0063238,0,0,0.283965305412244,-5.20147454052388e-06,-4.90274487674469e-13,0,0,0,0,0,3,0,0,1,0,0,1,0
scheduled_lqi_dob_strict_qp,smooth_target_x1p0,smooth_target,1,NaN,simscape_validation,0.000767181938882193,0.00131950903203938,Inf,0.000234039720681098,0.000408695089602391,0.000385364609377576,0.00037438083190279,0.000702391000831637,0.000726480829807974,0.000334716991586421,0.000236898585859635,0.000839563879535029,0.00062052047263636,0.000731125627052465,0.0014528590745998,1.07841594348455,1.90539576741859,0.278657582062003,0.827538317970628,1126.27269343408,5769.53879729273,13325275.5081326,0.00633005,0.00257275,0.00633005,1,1,0.285467014529577,0.000181950523126755,-4.82642489681476,0,0,0,0,0,0,0,0,1,1,0,1,0
scheduled_lqi_dob_strict_qp,wrench_smooth_target_x1p0,wrench_smooth_target,1,NaN,simscape_validation,0.002936780484117,0.00987461653721721,Inf,0.00027576143790784,0.000712734233199044,0.00033587501134109,0.00126255239871172,0.00248710245804906,0.00071441039910819,0.00555298721552691,0.00050276283310103,0.000789236999381137,0.0190516073606859,0.00113936184976093,0.00139951728866416,1.07841594348455,1.90558056782109,0.280510341120543,1.07259906917289,1126.50142554748,5568.44176798987,13389592.1081815,0.0064965,0.00266115,0.0064965,0,0,0.28521180233595,-2.09477557467875e-05,-4.44089209850063e-15,0,0,0,0,0,5,0,0,1,0,0,1,0
scheduled_lqi_dob_strict_qp,target_noise_x1p0_s101,target_noise,1,101,simscape_validation,0.000927324322425247,0.00197391280028606,Inf,0.000271446349574734,0.000431527449572052,0.000455780564554919,0.000525714322303569,0.000847175839262748,0.00144352508026707,0.00043268180317302,0.000386103240972071,0.00111035688250632,0.00120496466273279,0.000977379245760857,0.00291657190383443,1.07841594348455,1.90550181639316,0.299807480123271,1.21353013876951,1123.96089388925,5063.99826944574,13342632.2215378,0.00661995,0.00273,0.00661995,1,1,0.284286133082864,1.75018348025791e-06,-115.927493220442,0,0,2,0,0,0,0,0,1,0,0,1,0
scheduled_lqi_dob_strict_qp,wrench_target_noise_x1p0_s101,wrench_target_noise,1,101,simscape_validation,0.00237487965711302,0.00754613311621292,Inf,0.000273663735089275,0.000666349989968242,0.000419953723175693,0.00108634158757166,0.00227520221614547,0.0014464925464141,0.0042709349182761,0.000565106151669348,0.00110403006739,0.0144355760138957,0.00154603137624831,0.00293739481911304,1.07841594348455,1.90546286986035,0.299807480123271,1.21431647888753,1125.68474371468,5059.31965010762,13398466.3971966,0.00657195,0.0027942,0.00657195,0,0,0.284037713434383,-2.84950768284454e-05,-1.02099662058208e-10,0,0,2,0,0,6,0,0,1,0,0,1,0
scheduled_lqi_dob_strict_qp,target_noise_x1p0_s102,target_noise,1,102,simscape_validation,0.000831257953255973,0.00159226181979561,Inf,0.000233538984267515,0.000424023119766017,0.000386257146094239,0.000444456476341976,0.000878074999713263,0.00102438871680754,0.000432931035170874,0.000328483503740105,0.000966698433458458,0.00108078920072674,0.000955319211264738,0.00268990233897071,1.07841594348455,1.90562320618549,0.293789553180068,1.13308013807822,1127.73332986807,5274.13628300328,13343398.3296436,0.00658335,0.0027105,0.00658335,2,2,0.283831125809148,-1.19651686625293e-05,-77.9837115928147,0,0,0,0,0,5,0,0,1,0,0,1,0
scheduled_lqi_dob_strict_qp,wrench_target_noise_x1p0_s102,wrench_target_noise,1,102,simscape_validation,0.00346894784502894,0.0116523215443862,Inf,0.000329617150019505,0.000787475649803174,0.00032988445975624,0.00141885267999461,0.00268468939139058,0.00103658407251961,0.00659693056489942,0.000636256345998584,0.000927213624016433,0.0225087083548183,0.0018077524366511,0.00268990233897071,1.07841594348455,1.90559332296654,0.293789553180068,1.10979615076778,1131.39076247373,5273.84064350355,13416015.5772177,0.00656865,0.00270955,0.00656865,1,1,0.283455416155527,-3.28116018600789e-05,-89.2237706490394,0,0,0,0,0,6,0,0,1,0,0,1,0
scheduled_lqi_dob_strict_qp,target_noise_x1p0_s103,target_noise,1,103,simscape_validation,0.000840903132815156,0.00166701733662992,Inf,0.000241781147850179,0.000423317872716145,0.000404109625653444,0.000528888652904944,0.000819966772584002,0.00102860524207998,0.000334553688085235,0.000370507892237099,0.000987637134398162,0.00101650327460469,0.00115482719864646,0.00246241084598453,1.07841594348455,1.90554757462324,0.29641360200614,1.15129719689917,1129.14387845172,5483.64295254894,13366939.5885226,0.0065584,0.0028531,0.0065584,1,1,0.284024365288531,5.77427419611353e-05,-2.57867497250651,0,0,0,0,0,0,0,0,1,1,0,1,0
scheduled_lqi_dob_strict_qp,wrench_target_noise_x1p0_s103,wrench_target_noise,1,103,simscape_validation,0.00331239774342545,0.0110706335459547,Inf,0.000328791598013627,0.000776941649364528,0.000405166397682695,0.00157320971623774,0.00275154473818381,0.00122286486096812,0.00624047715065131,0.000694878236366226,0.000978721720619552,0.0211647390493073,0.00203454262562852,0.00230743315834947,1.07841594348455,1.90556823199152,0.29641360200614,1.15085552855339,1132.05302519302,5380.75991892832,13439140.9597709,0.00674065,0.00282615,0.00674065,0,0,0.283734267227147,4.46713267422544e-05,-3.37507799486048e-14,0,0,0,0,0,0,0,0,1,1,1,1,0
scheduled_lqi_dob_strict_qp,target_noise_x1p0_s104,target_noise,1,104,simscape_validation,0.000838460421611268,0.00189048313005753,Inf,0.000246000411746707,0.000424981093375603,0.000404973238653124,0.000528694353484932,0.000881093056036175,0.00126509104406552,0.000471637331117256,0.0003704495393121,0.000912071847952966,0.00114685263166514,0.00109851217796275,0.00261317209094025,1.07841594348455,1.90557287601616,0.295526284450909,1.231234132384,1142.83033445954,3786.57357129615,13343603.0237694,0.00978635,0.00376985,0.00978635,2,2,0.283796680400974,1.43236802078216e-05,-79.8604607874874,0,0,1,0,0,0,0,0,1,0,0,0,1
scheduled_lqi_dob_strict_qp,wrench_target_noise_x1p0_s104,wrench_target_noise,1,104,simscape_validation,0.0029829651769373,0.00986467896420385,Inf,0.000276551636930187,0.000730023803220827,0.000363906301069971,0.00131966967335382,0.00263070487786626,0.00119883900055923,0.00561011232037386,0.000637447549473125,0.000863279753774899,0.0189099968425161,0.00182438563992521,0.00260887857942238,1.07841594348455,1.90542582817728,0.295526284450909,1.23047065282442,1144.91878786848,7999.99999999946,13406325.0308885,0.0092794,0.0037012,0.0092794,1,1,0.283495456265129,5.57018265828811e-05,-79.8604607874874,0,0,1,0,0,0,0,0,1,0,0,0,1
scheduled_lqi_dob_strict_qp,target_noise_x1p0_s105,target_noise,1,105,simscape_validation,0.00084010278620982,0.00171472045369267,Inf,0.000233647890525284,0.000420630743530075,0.000379321089187955,0.000512976083596142,0.000833927162250836,0.0010408213524708,0.000367693469858551,0.000357767570493074,0.0010287227283907,0.00118440256934221,0.00109643842923079,0.00251718617619179,1.07841594348455,1.9055793159664,0.295622351651636,1.16437228078242,1121.29546065839,4243.5931628162,13323636.3147266,0.0091348,0.00383665,0.0091348,0,0,0.284930615643229,-2.33329932209881e-05,-1.33759670006839e-12,0,0,0,0,0,5,0,0,1,0,0,0,1
scheduled_lqi_dob_strict_qp,wrench_target_noise_x1p0_s105,wrench_target_noise,1,105,simscape_validation,0.00435449994636156,0.0143840548206024,Inf,0.00040595334613341,0.00089536796274481,0.000335151060355745,0.00163257576529739,0.0030585083120328,0.00101048213883126,0.00837166436354072,0.000725557779706169,0.000959295709968681,0.028004250566412,0.0021050373796126,0.00251718617619179,1.07841594348455,1.90545833546184,0.296613362522124,1.1655994576642,1124.36861934985,4228.03627595575,13410709.3967945,0.01065135,0.0042539,0.01065135,0,0,0.284590965148513,7.16260072056857e-05,-3.97868404888868e-11,0,0,0,0,0,0,0,0,1,1,0,0,1
scheduled_lqi_dob_strict_qp,wrench_x1p5,wrench,1.5,NaN,simscape_validation,0.0167069403532276,0.0518377453216236,Inf,0.00239982052978332,0.00253447563564775,0.00174661473543594,0.00928185174825999,0.00810190321376913,0.00699209214347407,0.0324148373674199,0.00203705797608156,0.000826234641859461,0.0998436875299237,0.00482527805502037,0.00237098560541626,1.07841594348455,1.90553011832117,0.29426254095396,1.17185592019897,1113.21929930031,2816.79449123375,13656804.6614931,0.0084412,0.00346475,0.0084412,1,1,0.282334545758594,-0.00010768691082462,-12.0779563441927,0,0,0,0,0,10,0,0,1,0,0,0,1
scheduled_lqi_dob_strict_qp,smooth_target_x1p5,smooth_target,1.5,NaN,simscape_validation,0.00076871071717271,0.00131950903203938,Inf,0.000233437124190527,0.000408428729550339,0.000385555100101887,0.00037438083190279,0.000702391000831637,0.000726480829807974,0.000334707868794565,0.000235935473835179,0.000846245323998783,0.00062052047263636,0.000396256976269049,0.0014528590745998,1.07841594348455,1.90557113703732,0.278657582062003,1.16839846536981,1156.99990018389,8000.00000000017,13321139.530975,0.0088064,0.0035398,0.0088064,0,0,0.285856442410729,8.12539820150976e-05,1.77635683940025e-14,0,0,0,0,0,0,0,0,1,1,1,0,1
scheduled_lqi_dob_strict_qp,wrench_smooth_target_x1p5,wrench_smooth_target,1.5,NaN,simscape_validation,0.0165240727780539,0.0518377453216236,Inf,0.00237315258330558,0.00250081808489913,0.00172261465080979,0.00928185174825999,0.00810190321376913,0.00699209214347407,0.032061407839584,0.00203238190925362,0.00083791035684676,0.0998436875299237,0.00482527805502037,0.00237098560541626,1.07841594348455,1.90552013977403,0.29426254095396,1.17185592019897,1158.86730524878,8000.00000000017,13640158.3719592,0.0091078,0.0038004,0.0091078,0,0,0.284273852817749,-8.35650129838855e-05,-3.88755694302745e-12,0,0,0,0,0,9,0,0,1,0,0,0,1
scheduled_lqi_dob_strict_qp,target_noise_x1p5_s101,target_noise,1.5,101,simscape_validation,0.00118820033192495,0.00263613080535028,Inf,0.000288844669727843,0.000477540871055582,0.000565550045276818,0.000721878475453529,0.000986334563482127,0.00197427892196056,0.000966836765659883,0.000562697465585156,0.0013676932492534,0.00278930405394062,0.00168683944253922,0.00387070893126817,1.07841594348455,1.90537010078385,0.304709349147736,1.2439187118784,1139.27967970176,7150.33394357065,13355766.9782141,0.0094303,0.0036995,0.0094303,0,0,0.283870267223332,4.49110577208688e-05,-1.25393029293264e-11,0,0,14,0,0,0,0,0,1,0,0,0,1
scheduled_lqi_dob_strict_qp,wrench_target_noise_x1p5_s101,wrench_target_noise,1.5,101,simscape_validation,0.0177925091482724,0.0544813820288421,Inf,0.00266273177181307,0.00274982158774736,0.00238368278432091,0.0104812165712748,0.00898987640155885,0.0100174146837451,0.0343167322564577,0.00221645839475645,0.00155187470853918,0.103917340333914,0.00574384387648247,0.00397393720631745,1.07841594348455,1.90539638702009,0.304709349147736,1.24365413662559,1155.89609759052,7037.97554797832,13695704.0987424,0.0097142,0.00413205,0.0097142,1,1,0.28144072868385,-0.000159093646031057,-119.433109854113,0,0,13,0,0,11,0,0,1,0,0,0,1
scheduled_lqi_dob_strict_qp,target_noise_x1p5_s102,target_noise,1.5,102,simscape_validation,0.000946134065739926,0.00197081472464736,Inf,0.000260558638252137,0.000451293186707267,0.000387404889975291,0.00053770389289283,0.00102632969183969,0.00108802513786377,0.000533468030128868,0.000479713752044503,0.00117448273120219,0.00165792267852882,0.00153678758482945,0.00360164674610824,1.07841594348455,1.90536376234063,0.301778293437638,1.23188201115625,1141.79070224497,6485.46893708601,13353806.9113779,0.00902185,0.0036578,0.00902185,1,1,0.283532030276661,0.000148840109291619,-9.83028744598211,0,0,4,0,0,0,0,0,1,0,0,0,1
scheduled_lqi_dob_strict_qp,wrench_target_noise_x1p5_s102,wrench_target_noise,1.5,102,simscape_validation,0.0182407210960051,0.0567466088394685,Inf,0.00330988229854209,0.0027459951188691,0.00261045547362578,0.0134292742519024,0.0086882509720756,0.0103458702083192,0.0349511920333136,0.00230088551803121,0.0016657054004148,0.107191062202775,0.00576750508549012,0.0061275246846062,1.07841594348455,1.90548337555904,0.307145744575221,1.30450229395562,1156.12854101133,6527.00645778052,13688446.9905981,0.00927245,0.0036419,0.00927245,2,2,0.281458988336044,-0.00014542687777773,-9.83028744598211,0,0,5,0,0,11,0,0,1,0,0,0,1
scheduled_lqi_dob_strict_qp,target_noise_x1p5_s103,target_noise,1.5,103,simscape_validation,0.000995834947114216,0.00203872854806582,Inf,0.000258932377609403,0.000449163158859177,0.000424241727686132,0.000638282638243948,0.000888477495638529,0.00128868981305941,0.000606856709395412,0.000564825343600723,0.00121833820477743,0.00176866844920699,0.00166151343904714,0.00334585729305292,1.07841594348455,1.90555902942556,0.30403315727292,1.23884644804173,1146.15686993442,7695.21739257953,13393926.839447,0.0088942,0.003763,0.0088942,0,0,0.283797082334574,6.1730585152367e-05,-1.0238920822303e-11,0,0,5,0,0,0,0,0,1,0,0,0,1
scheduled_lqi_dob_strict_qp,wrench_target_noise_x1p5_s103,wrench_target_noise,1.5,103,simscape_validation,0.0172152657475811,0.0519384096365754,Inf,0.00283171209787802,0.00264752064157321,0.00230022822061119,0.01092507841199,0.00848253746534172,0.00925408972491704,0.0331372247319551,0.00209934865670656,0.00130481264630499,0.0989097998347208,0.00571274383871073,0.00417045570224006,1.07841594348455,1.90552710466672,0.30403315727292,1.22097542511629,1163.21574593738,7130.19244550071,13715362.6998656,0.0092541,0.003781,0.0092541,1,1,0.281898545704715,-4.67170853150024e-05,-14.264980240326,0,0,4,0,0,7,0,0,1,0,0,0,1
scheduled_lqi_dob_strict_qp,target_noise_x1p5_s104,target_noise,1.5,104,simscape_validation,0.000929248085018739,0.00222543201826515,Inf,0.000267120507589243,0.000436561819885117,0.000420370417341662,0.0006054308516628,0.000972815559844298,0.0015378895753746,0.000558191554606084,0.000484263596140471,0.0010739252618944,0.00194179168717741,0.00145090427178096,0.00323958824099813,1.07841594348455,1.90547060437047,0.304169814537014,1.23208449143882,1165.65851075169,5477.41505777304,13351242.8316491,0.0091013,0.0036554,0.0091013,2,2,0.283339954722069,0.000124803917626597,-469.5870024918,0,0,2,0,0,0,0,0,1,0,0,0,1
scheduled_lqi_dob_strict_qp,wrench_target_noise_x1p5_s104,wrench_target_noise,1.5,104,simscape_validation,0.0164815719590977,0.0518630698703478,Inf,0.0024767321964767,0.00246312412639401,0.00179306815524747,0.00987304502780344,0.00781929643800974,0.00666565874632921,0.0319224966451063,0.00207744670789884,0.00124184343331896,0.100016556891751,0.00558644739911318,0.0046938294705563,1.07841594348455,1.9054450398356,0.304169814537014,1.22703406988562,1179.23307090205,5499.44436408511,13674146.2451561,0.0090313,0.0036003,0.0090313,1,1,0.281236227058472,-3.70859959898341e-05,-2.76737035132521,0,0,3,0,0,7,0,0,1,0,0,0,1
scheduled_lqi_dob_strict_qp,target_noise_x1p5_s105,target_noise,1.5,105,simscape_validation,0.000994267676053363,0.00201143230152211,Inf,0.000253839766940596,0.000442866424603283,0.000441676143498534,0.000625177019426798,0.000918841486298005,0.00108878068629753,0.00054006982269925,0.000591318536353286,0.00122080603271956,0.00179569693353984,0.0017201672683857,0.00336105680056531,1.07841594348455,1.90556267265707,0.30211930875087,1.2301765217953,1121.95255154439,6285.99192425493,13329920.790139,0.01036785,0.0043668,0.01036785,1,1,0.28478278714648,-6.26794247248885e-06,-3.32566846438001,0,0,2,0,0,3,0,0,1,0,0,0,1
scheduled_lqi_dob_strict_qp,wrench_target_noise_x1p5_s105,wrench_target_noise,1.5,105,simscape_validation,0.0164842103262964,0.0513067159476149,Inf,0.00223983201431121,0.00258604048436368,0.00201459982507273,0.00856564858184355,0.00837127116383135,0.00817240465536684,0.0318838138185257,0.00236256369731907,0.00130583624963992,0.098519552415941,0.00622883644127614,0.00336105680056531,1.07841594348455,1.90551088063184,0.30211930875087,1.32059674251616,1135.70216546603,6109.61316145983,13654282.7083978,0.0064555,0.0027274,0.0064555,0,0,0.283232446248956,-0.000120210093344504,-1.06625970275331e-08,0,0,9,0,0,11,0,0,1,0,0,0,1
